No,Nama,Rating,Comments,Links
1,Pashmina Silk Cradenza - Raw Hijab,5,"sesuai ekspektasi banget, warnanya cakep, bahannya bagus, next bakal order lagi, thank you!",https://shopee.co.id/Pashmina-Silk-Cradenza-Raw-Hijab-i.32734643.23324124858?sp_atk=fa5819c8-5910-4e66-abf4-02ea128f5575&xptdk=fa5819c8-5910-4e66-abf4-02ea128f5575
2,Dauky Jilbab Instan Terbaru 2023 Hijab Selendang Pashmina Kaos Jersey Knit,5,"Bahannya bagus banget adem gitu, terus juga senang banget dapat diskon banyak, sering2 juga ya Dauky diskon diskon banyak senang banget bisa belanja disini ga usah diragukan lagi kualitas produk, thanks admin responnya. sukses teruss",https://shopee.co.id/Dauky-Jilbab-Instan-Terbaru-2023-Hijab-Selendang-Pashmina-Kaos-Jersey-Knit-i.80902783.12380228368?sp_atk=3fe3307a-a660-4950-8778-3e5228d6a91e&xptdk=3fe3307a-a660-4950-8778-3e5228d6a91e
3,Pashmina Satin Silk Malay Textured,5,Sempurna sesuai dengan keinginan üòç,https://shopee.co.id/PASHMINA-SATIN-SILK-MALAY-TEXTURED-i.200761709.18676612955?sp_atk=2e92d5b3-635f-4f55-b690-f2594607561b&xptdk=2e92d5b3-635f-4f55-b690-f2594607561b
4,Aisha Series | Instant Pashmina,5,"Kirimannya cepet sampe packagingnya bagus banget, sampai sayang mau dibuka. Bentukan muka juga pas, jahitan rapi banget. Kualitas ok. Jadi pengen beli yg lain, diskon pembelian dong min",https://shopee.co.id/Aisha-Series-Instant-Pashmina-i.224512682.4960508267?sp_atk=4810cb26-1119-4295-b14b-6d252445e2b5&xptdk=4810cb26-1119-4295-b14b-6d252445e2b5
5,Lozy Hijab - Qira Voal (Hijab Voal Segiempat),5,"warna bagus, natural. bahan sebenarnya agak kasar, tidak terlalu tebal. tapi saat dipakai enak, bisa tegak, dan ironless. pengiriman cepat. sebenarnya harga normalnya relatif mahal, meski cukup worth it dengan kualitasnya. tetapi akan lebih baik kalo nunggu diskon aja",https://shopee.co.id/Lozy-Hijab-Qira-Voal-(Hijab-Voal-Segiempat)-i.255402508.20717929045?sp_atk=718fe480-dac0-4493-a9d2-9936310e17f6&xptdk=718fe480-dac0-4493-a9d2-9936310e17f6
6,Lozy Hijab - Polly Cotton ( Hijab Segiempat Bella Square),5,"Bahannya bagus, kemasannya keren, kualitas ga pernah diragukan, sudah repeat order dari beberapa produk Lozy juga, keren-keren semua, sukaüòò",https://shopee.co.id/Lozy-Hijab-Polly-Cotton-(-Hijab-Segiempat-Bella-Square)-i.255402508.4862117087?xptdk=43fcb204-016d-4073-b2ba-4ea5efaa7f6f
7,Lozy Hijab - Rayna Instan Square (Hijab Rayon Instan),5,"Asli nya bagus banget, mudah di bentuk di muka, makasih atas kepercayaan dengan pelanggan,enak dipake",https://shopee.co.id/Lozy-Hijab-Rayna-Instan-Square-(Hijab-Rayon-Instan)-i.255402508.14579985754
8,Lozy Hijab - Bawal Inner Shawl ( Pashmina Inner Ciput),5,hijab tercantik menurutku dari segi kemasan pemakaian warna dan penggunaan ternyaman juga yang pernah aku punya inshaAllah bakal langganan deh,https://shopee.co.id/Lozy-Hijab-Bawal-Inner-Shawl-(-Pashmina-Inner-Ciput)-i.255402508.9810611005?sp_atk=07b602e1-cfd4-48de-8513-794d22ab0e70&xptdk=07b602e1-cfd4-48de-8513-794d22ab0e70
9,Lozy Hijab - Haraa Voal Plain (Segiempat Voal Premium Polos Non Lasercut),5,"Bahannya bagus, kerudungnya gak bikin gerah dan gampang diatur, logonya pake besi jadi keliatan lebih mewah. Dapet pouch kerudungnya juga. Pengirimannya lumayan cepet",https://shopee.co.id/Lozy-Hijab-Haraa-Voal-Plain-(Segiempat-Voal-Premium-Polos-Non-Lasercut)-i.255402508.20552008784?sp_atk=0742080d-39db-4ed0-952e-70fa810fa554&xptdk=0742080d-39db-4ed0-952e-70fa810fa554
10,Mallow Basic Voal (120x120) Hijab Segiempat Premium Voal,5,"Hijab fav aku, pilihan warnanya banyak dan cakep semuaa, nyaman dipakainya, gampang diatur, engga gampang kusut, kainnya lemes jadi kalau diikat di leher ga tebal gitu, adminnya ramah.. top banget sih untuk mallow hijab",https://shopee.co.id/Mallow-Basic-Voal-(120x120)-Hijab-Segiempat-Premium-Voal-i.38843078.12516757972?xptdk=8538fcdf-bb42-4384-9df9-a14d651328df
11,Mallow Luna Square Hijab Segiempat Cotton Paris,5,"Bahannya nyaman digunakan, pilihan warnanya juga banyak banget, next mau beli warna lainnya. Dapat voucher envygreen juga. Pengirimannya super cepat, packingnya juga aman dan rapi. Terima kasih ya!!ü•∞",https://shopee.co.id/Mallow-Luna-Square-Hijab-Segiempat-Cotton-Paris-i.38843078.12436559616?sp_atk=a7c77aa4-5a2b-4f1f-ae3c-2a7fa37b2d81&xptdk=a7c77aa4-5a2b-4f1f-ae3c-2a7fa37b2d81
12,Mallow Hijab Segiempat Watersplash Voal Premium,5,"Alhamdulillah Jilbabnya cepet datengnya, warnanya sesuai padahal sempat ragu warnanya gak sesuai. Bahannya bagus, terima kasih banyak seller senang banget belanja disini. Luvv",https://shopee.co.id/Mallow-HIjab-Segiempat-Watersplash-Voal-Premium-i.38843078.5313712818?sp_atk=224ea71b-b8d9-4d14-a14e-bf33db2eb8d5&xptdk=224ea71b-b8d9-4d14-a14e-bf33db2eb8d5
13,Mallow Misha Instant Hijab Bergo Premium,5,"Suka banget.. Semua bahannya bagus2, mulus, jahitan rapi, warnanya jg lucu2, sesuai dengan yang difoto.. Terima kasih mallow hijab,..",https://shopee.co.id/Mallow-Misha-Instant-Hijab-Bergo-Premium-i.38843078.6348700897?sp_atk=a48bd5bd-c0b4-4cb8-8d86-9696ab61951a&xptdk=a48bd5bd-c0b4-4cb8-8d86-9696ab61951a
14,Mallow Hijab Kaia Pashmina Ceruti Babydoll Premium,5,"Produk bagus, sampe rumah tidak ada cacat , pengiriman cepat, warna bagus, overall bagus sih thanks seller kapan kapan beli lagi soalnya bagus bangett ü•∫",https://shopee.co.id/Mallow-Hijab-Kaia-Pashmina-Ceruti-Babydoll-Premium-i.38843078.2103597041?xptdk=6dac5c4a-58c1-4f08-a9f2-ba4c9a74f307
15,Mallow Mara Pleats Hijab Pashmina Plisket,5,"Langganan beli di mallow, cepat sampai dan barang berkualitas",https://shopee.co.id/Mallow-Mara-Pleats-Hijab-Pashmina-Plisket-i.38843078.4896898753?sp_atk=fdd5a995-7808-4e0d-9970-074ab17c4064&xptdk=fdd5a995-7808-4e0d-9970-074ab17c4064
16,Paris Premium (Paris Voal) Jahit Tepi 110x110 | by Louriscarves,5,Ini keren banget. Pertama liat langsung suka. Jahitan rapi. Kualitasnya sip banget. Btw jilbabnya wangi guys,https://shopee.co.id/Paris-Premium-(Paris-Voal)-Jahit-Tepi-110x110-by-Louriscarves-i.250463971.12044527898?sp_atk=ffe00812-cad9-41ce-9ae5-79389004b0ec&xptdk=ffe00812-cad9-41ce-9ae5-79389004b0ec
17,Lozy Hijab - Tana Shawl (Pashmina Kaos Rayon),5,"bahannya bagus, jahitan sangat rapi, ukuran panjang dan cukup lebar. suka banget. kerenlah ini!",https://shopee.co.id/Lozy-Hijab-Tana-Shawl-(Pashmina-Kaos-Rayon)-i.255402508.18716306956?sp_atk=508f4ea5-a60d-4407-a1e9-9c531a27901b&xptdk=508f4ea5-a60d-4407-a1e9-9c531a27901b
18,MIZA - Haifa Hijab Voal Superfine Premium 120x120,5,"Ini bagus banget warnanya dan jahitannya rapiüòçüòç udah gitu harum banget!! Fix sih next bakal order disini lagi, worth it banget. Pengirimannya juga cepet banget!! Ada harga, ada kualitas ygyü§ó Tengss owner‚ù§‚ù§",https://shopee.co.id/MIZA-Haifa-Hijab-Voal-Superfine-Premium-120x120-i.101707202.2219928076?sp_atk=cb521b4b-b4f7-47b4-8103-8cb4a36d45dd&xptdk=cb521b4b-b4f7-47b4-8103-8cb4a36d45dd
19,Kaniya Official - Pashmina Kaos Jersey / Pashmina Jersey,5,"ini bagus banget sih, gampang banget dibentuk, bahan nya juga adem dan jahitannya rapi, kalian wajib beli sihüò≠üíê",https://shopee.co.id/Kaniya-Official-Pashmina-Kaos-Jersey-Pashmina-Jersey-i.319209450.23318807453?sp_atk=de1aaafc-b0ce-40f1-9091-8df539bf1f8a&xptdk=de1aaafc-b0ce-40f1-9091-8df539bf1f8a
20,JINISO - AURA Active Hijab Pashmina Flowy Plisket Breeze,5,"Produk bagus, kain atau bahan bagus, adem, mudah ditata, warna bagus, harga bagus, pengiriman cepat sekali, seller ramah,",https://shopee.co.id/JINISO-AURA-Active-Hijab-Pashmina-Flowy-Plisket-Breeze-i.121235261.8681258444?sp_atk=27597f49-dfc4-40a7-b829-8892cf73913d&xptdk=27597f49-dfc4-40a7-b829-8892cf73913d
21,Maula Hijab - Kerudung Pashmina Jersey Panjang,5,"Pengemasan pengiriman cepat banget, jahitannya juga rapi, bagus banget pokoknya",https://shopee.co.id/Maula-Hijab-Kerudung-Pashmina-Jersey-Panjang-i.22806811.14157343689?sp_atk=13fdb918-8a6e-4e83-830a-97d59dda412d&xptdk=13fdb918-8a6e-4e83-830a-97d59dda412d
22,Elzatta Scarf Segi Empat Obelia Samida,5,"Pengiriman cepat sekali , produk sesuai pesanan , kira saya cokelatnya gelap ini kek cokelat muda ke ijo2an , seller ramah , suka bangetü§óü§ó",https://shopee.co.id/Elzatta-Scarf-Segi-Empat-Obelia-Samida-i.12073181.5478030885?sp_atk=a4d747f0-a56d-41d5-bf2b-dc55a4f9d124&xptdk=a4d747f0-a56d-41d5-bf2b-dc55a4f9d124
23,Atala | Cotton Series Square | Hijab Square,5,"Bahannya halus, warnanya juga sesuai ekspektasi, jahitannya juga rapi‚ù§Ô∏è",https://shopee.co.id/Atala-Cotton-Series-Square-Hijab-Square-i.66386584.2341704174
24,Nelafa Bella Square Hijab Segiempat / Bella Square Terbaru,5,"Baru pertama kali belanja disini. Produk dikemas & sampai dengan aman ke rumah Bahannya bagus, tidak tipis standar pada umumnya",https://shopee.co.id/Nelafa-Bella-Square-Hijab-Segiempat-Bella-Square-Terbaru-i.714371086.16248403520?sp_atk=ac42f39f-f722-4a74-85f3-39209ef0b299&xptdk=ac42f39f-f722-4a74-85f3-39209ef0b299
25,Elzatta Jilbab Segi empat Motif Premium Obelia Series,5,"Alhamdulillah paketnya sudah sampai dengan selamat. Bagus jilbabnya dan harganya juga murah. Semoga awet, makasih seller.",https://shopee.co.id/Elzatta-Jilbab-Segi-empat-Motif-Premium-Obelia-Series-i.12073181.17924105492?sp_atk=c35e64d8-222c-4d37-ba6d-4388ea17b55d&xptdk=c35e64d8-222c-4d37-ba6d-4388ea17b55d
26,Zoya Kerudung Hijab Segiempat Altilis Scarf,5,"Bahannya halus, tidak terlalu kaku dan tidak terlalu lemes.",https://shopee.co.id/Zoya-Kerudung-Hijab-Segiempat-Altilis-Scarf-i.15996341.16115355552?sp_atk=84b56e9a-d615-413e-951b-63421d52f7be&xptdk=84b56e9a-d615-413e-951b-63421d52f7be
27,ZM Zaskia Mecca - Bunga Asoka Cacao Scarf Kerudung Segi Empat Wangi Water Splash,5,"Respon penjual baik, harga barang baik, kecepatan pengiriman barang baik, sedang ada potongan harga saat live, warna cantik, tegak, terimakasih",https://shopee.co.id/ZM-Zaskia-Mecca-Bunga-Asoka-Cacao-Scarf-Kerudung-Segi-Empat-Wangi-Water-Splash-i.12654106.14762849507?sp_atk=3969e248-130c-45fb-be85-9943a41a5ea9&xptdk=3969e248-130c-45fb-be85-9943a41a5ea9
28,Ankara Voal Square,5,"Bagus banget, bahannya ga nerawang, gampang diatur, dan wangi bangetüòç langsung bisa dipake ga perlu dicuci dulu. Worth it sekali. Pengemasan cepat",https://shopee.co.id/Ankara-Voal-Square-i.243629028.14862118406?sp_atk=089b98eb-7536-4919-9662-1030a50117b1&xptdk=089b98eb-7536-4919-9662-1030a50117b1
29,NAQA PASHMINA CRINKLE | AIRFLOW | CRINCLE,5,"Produk yang susah ditemuin ditempat lain, buruan beli, alhamdulillah udah yang kedua kalinya. Bahannya tidak nerawang sama sekali, tapi bahan jatuh dan bagus di wajah",https://shopee.co.id/NAQA-PASHMINA-CRINKLE-AIRFLOW-CRINCLE-i.141195699.12710099076?sp_atk=1bac5aa3-9fb4-4daa-ab94-81a34dbed874&xptdk=1bac5aa3-9fb4-4daa-ab94-81a34dbed874
30,LAREINA Pashmina Ceruty Hijab Jilbab Kerudung Pasmina Baby Doll Pashmina Ceruty Premium Jilbab Ceruti Premium,5,"Bagus sekali bahannya dan enak dipakai... bahannya adem, rapi dan bisa dibentuk ke wajah.gak nyesel belanja kesini..gak ada yang cacat..bagus kerudungnya.selanjutnya akan belanja lagi kesini.",https://shopee.co.id/LAREINA-Pashmina-Ceruty-Hijab-Jilbab-Kerudung-Pasmina-Baby-Doll-Pashmina-Ceruty-Premium-Jilbab-Ceruti-Premium-i.295656816.4151749133?sp_atk=adc25184-2668-434d-b486-ba7eb06882be&xptdk=adc25184-2668-434d-b486-ba7eb06882be
31,ZM Zaskia Mecca - Sana Army Hijab Kerudung Segi Empat,5,"Jahitan tepinya rapih banget, seratnya rapet, halus, bahannya ga kaku juga dan warnanya menurut aku kayak green tea latte tapi tuaan dikit plus pengirimannya cepet banget! Luv pokoknya‚ù§",https://shopee.co.id/ZM-Zaskia-Mecca-Sana-Army-Hijab-Kerudung-Segi-Empat-i.12654106.3743634732?sp_atk=d8865806-0767-4d2d-a738-7ec7da59a978&xptdk=d8865806-0767-4d2d-a738-7ec7da59a978
32,ZM Zaskia Mecca - Yogya Charcoal Scarf Kerudung Segi Empat,5,"Pengemasan dan pengiriman cepat, packing rapih dan aman. Kualitas barang tidak perlu di ragukan. Bahan, motif dan warnanya bagus.",https://shopee.co.id/ZM-Zaskia-Mecca-Yogya-Charcoal-Scarf-Kerudung-Segi-Empat-i.12654106.5761572173?sp_atk=f3e4e125-7c0f-4f6a-bc7a-badab8fd4d83&xptdk=f3e4e125-7c0f-4f6a-bc7a-badab8fd4d83
33,ZM Zaskia Mecca X Marsha Natika - Klavi Khaky Pashmina,5,Bahannya adem gak panas.. Pas di kepala ciputnya. Bagus banget.. Warna sesuai gambar.. Pengiriman cepat.. Kurirnya ramah..,https://shopee.co.id/ZM-Zaskia-Mecca-X-Marsha-Natika-Klavi-Khaky-Pashmina-i.12654106.6658448944?sp_atk=4a807544-9fdd-4409-853d-70b02f4ba480&xptdk=4a807544-9fdd-4409-853d-70b02f4ba480
34,Hijab Instan Jersey Pet Penguin | Jilbab Bergo Hamidah Menutup Dada,5,"Bahan tebal ga nerawang, inshaAllah next ada rezeki order lagiüòä",https://shopee.co.id/Hijab-Instan-Jersey-Pet-Penguin-Jilbab-Bergo-Hamidah-Menutup-Dada-Kerudung-Khimar-Pinguin-Cocok-untuk-Sekolah-Kuliah-Olahraga-Kerja-Sehari-hari-Daily-i.486341095.17485676859?sp_atk=687cab5d-71e3-4164-8f30-22118d1f2594&xptdk=687cab5d-71e3-4164-8f30-22118d1f2594
35,Hijab Sport Size M || Jilbab Instan Menutup Dada ,5,Bagus banget kak kerudungnyaa bahannya dingin banget nyaman dipakai,https://shopee.co.id/product/486341095/21536394489
36,Jilbab Instan Serut Polos Jokowi Adiba Jersey - Kerudung Wanita -/ Hijab Serut Polos,5,"Bagus banget üòçüòòüòòüòò
Suka banget aku... Dipake pas dan nyaman. Ukuran gak terlalu kebesaran dan gak kekecilan üëç jahitan rapi, pas,  Harga aman dikantong",https://shopee.co.id/Jilbab-Instan-Serut-Polos-Jokowi-Adiba-Jersey-Kerudung-Wanita-Hijab-Serut-Polos-i.13766682.1777525428?sp_atk=1f3dcecb-6c24-4d72-be25-6e34e4b143ba&xptdk=1f3dcecb-6c24-4d72-be25-6e34e4b143ba
37,Khimar Jilbab Instan Pet Isaura Kancing Jersey - Kerudung Wanita -/Kerudung Bergo - Kerudung Hijab Jilbab instan Jersey Terbaru,5,"Alhamdulillah...jilbabnya enak dipakai üëçüèº, bahan adem, lembut & nyaman dipakai buat sehari hari, pokoknya cakep deh...
",https://shopee.co.id/Khimar-Jilbab-Instan-Pet-Isaura-Kancing-Jersey-Kerudung-Wanita-Kerudung-Bergo-Kerudung-Hijab-Jilbab-instan-Jersey-Terbaru-i.13766682.2586236387?xptdk=6e5e27e6-2f39-47c8-a608-7b5622a6106e
38,Jilbab Instan Pashmina Camila Anak Jersey Premium - Kerudung Wanita /- Kerudung Pastan Viral /- Jilbab Anak - Hijab Jersey Premium,5,"Kualitas produk sangat baik , harga proses sangat baik, kecepatan pengiriman sangat baik, respon penjual sangat baik.",https://shopee.co.id/Jilbab-Instan-Pashmina-Camila-Anak-Jersey-Premium-Kerudung-Wanita-Kerudung-Pastan-Viral-Jilbab-Anak-Hijab-Jersey-Premium-i.13766682.22800038048?sp_atk=e10de018-d133-4f7f-9bfb-c83292e4c3a5&xptdk=e10de018-d133-4f7f-9bfb-c83292e4c3a5
39,hijab bergo Hamidah Jersey/ jilbab bergo Hamidah Jersey premium/ hijab instan Jersey/hijab instan Jersey terbaru(L),5,"Sudah ditrima dengan baik..Alhamdulillah sesuai ekspetasi & waktu..suka  semua sama warnanya..bagus jahitan rapi..penjual responsif..
Makasih ..semoga berkah rejekinya ..",https://shopee.co.id/hijab-bergo-Hamidah-Jersey-jilbab-bergo-Hamidah-Jersey-premium-hijab-instan-Jersey-hijab-instan-Jersey-terbaru(L)-i.141804516.13413808043?sp_atk=a5b7dad1-6e6e-4826-85c7-2d66d7b62235&xptdk=a5b7dad1-6e6e-4826-85c7-2d66d7b62235
40,Hijab Bergo Hamidah Jumbo XL Bahan Spandek Jersey / Jilbab Instan Jumbo,5,"Alhamdulillah jilbabnya bagus ... Bahan adem, halus+licin. Jahitan juga rapi. Harga terjangkau pula ... Dikirim sesuai pesanan. Kece pokoknya ... Makasih, Seller ‚ò∫Ô∏èüëçüèº",https://shopee.co.id/Hijab-Bergo-Hamidah-Jumbo-XL-Bahan-Spandek-Jersey-Jilbab-Instan-Jumbo-i.16061990.5516110138?sp_atk=4a543ec2-3bed-471f-872b-f5137c4e04fc&xptdk=4a543ec2-3bed-471f-872b-f5137c4e04fc
41,RnW Pashmina Rayon Super - Pashmina Kaos Rayon,4,Kainnya agak tipis tapi gapapalah,https://shopee.co.id/RnW-Pashmina-Rayon-Super-Pashmina-Kaos-Rayon-i.82895118.20771662787?sp_atk=ee70454b-4aba-4aca-b5fb-8c3541ff8e70&xptdk=ee70454b-4aba-4aca-b5fb-8c3541ff8e70
42,Lozy Hijab - Tana Shawl (Pashmina Kaos Rayon),4,"Pengiriman dan pengepakan baik aman, barang sesuai pesanan, kualitas bagus, adem",https://shopee.co.id/Lozy-Hijab-Tana-Shawl-(Pashmina-Kaos-Rayon)-i.255402508.18716306956?sp_atk=c955820e-3a4f-4fc3-a9f1-1d8ab177b3f8&xptdk=c955820e-3a4f-4fc3-a9f1-1d8ab177b3f8
43,Demar Hijab - Ameera (Pashmina Tali Instan Jersey Super Premium),4,"Tidak ada masalah sama kerudungnya, hanya packingnya aja yang belum ramah lingkungan, satu hijab plastiknya rangkap 3 üò´ semoga kedepan packingnya bisa yang ramah lingkungan ya ka biar pembeli lebih happy, Bumi kitapun ikut happy. Thank you!",https://shopee.co.id/Demar-Hijab-Ameera-(Pashmina-Tali-Instan-Jersey-Super-Premium)-i.29233799.20203802583?sp_atk=9df44500-4f01-4859-bc74-5761546e3bed&xptdk=9df44500-4f01-4859-bc74-5761546e3bed
44,Pashmina Crinkle Airflow Premium | Pasmina Crinkle 175x75,4,Bahan nya bagus untuk harga murah tapi pemesanan kedua saya beda bahan dan lebarnya dengan pemesanan pertama..mungkin karena harganya dikurangin kali ya....,https://shopee.co.id/Pashmina-Crinkle-Airflow-Premium-Pasmina-Crinkle-175x75-i.226990549.5743939612?sp_atk=06ec3bdf-e703-47b9-8d60-300217c761ff&xptdk=06ec3bdf-e703-47b9-8d60-300217c761ff
45,Pashmina Melayu Airflow 180x75cm,4,"Salah pilih, ternyata bahannya kurang ringan .",https://shopee.co.id/Pashmina-Melayu-Airflow-180x75cm-i.28058134.17727930615?sp_atk=7eb180a9-0362-49dd-bd19-472c26ef2f05&xptdk=7eb180a9-0362-49dd-bd19-472c26ef2f05
46,aleeza shawl | pashmina aleeza | pashmina katun | pashmina shireen | pashmina dubai | dubai shawl | pashmina paris premium by aralla.co,4,"bagus bahannya adem, enak dipake, gampang di atur. mantap",https://shopee.co.id/aleeza-shawl-pashmina-aleeza-pashmina-katun-pashmina-shireen-pashmina-dubai-dubai-shawl-pashmina-paris-premium-by-aralla.co-i.77643254.7094229385?sp_atk=f39aaf4a-5164-4147-be50-d54e0ffce3c8&xptdk=f39aaf4a-5164-4147-be50-d54e0ffce3c8
47,Mallow Hijab Kaia Pashmina Ceruti Babydoll Premium,4,"Bahannya beda sama yang pertama kali beli ,ini agak kasar kalo yang pertama lembut bagus",https://shopee.co.id/Mallow-Hijab-Kaia-Pashmina-Ceruti-Babydoll-Premium-i.38843078.2103597041?sp_atk=7e628f9a-340b-4d5b-8b78-0f77a4db1763&xptdk=7e628f9a-340b-4d5b-8b78-0f77a4db1763
48,Mallow Luna Square Hijab Segiempat Cotton Paris,4,Untuk harga segini kayaknya bahannya biasa aja ya hehe tapi warna cantik sih. Pengemasan lama.,https://shopee.co.id/Mallow-Luna-Square-Hijab-Segiempat-Cotton-Paris-i.38843078.12436559616
49,Mallow Mara Pleats Hijab Pashmina Plisket,4,"Admin respon baik dan ramah produk sampainya cepat lucu juga pake pouch gitu berguna, pashmina bagus tapi agak terlalu pendek dibagian belakangnya",https://shopee.co.id/Mallow-Mara-Pleats-Hijab-Pashmina-Plisket-i.38843078.4896898753
50,Femme Outfit - Alicia Shawl Square (Hijab Segi Empat),4,"Bahannya tebel sesuai harganya, ukurannya lumayan besar",https://shopee.co.id/Femme-Outfit-Alicia-Shawl-Square-(Hijab-Segi-Empat)-i.551604952.13021613811?sp_atk=620355c6-0e7c-410c-b736-6bd37c809f3c&xptdk=620355c6-0e7c-410c-b736-6bd37c809f3c
51,MIZA - Haifa Hijab Voal Superfine Premium 120x120,4,"Hijabnya bagus banget, bahannya lembut dan ga nerawang, ukurannya juga sesuai tapi warnanya agak lebih gelap dari gambar tapi gapapa karna kualitasnya bagus jaitannya juga rapi. Thanks",https://shopee.co.id/MIZA-Haifa-Hijab-Voal-Superfine-Premium-120x120-i.101707202.2219928076?sp_atk=838c69ac-6d38-4092-864f-aa777cc553fe&xptdk=838c69ac-6d38-4092-864f-aa777cc553fe
52,Tiebymin - Lily Hijab Paris Premium,4,"Pengemasan dan pengiriman cepat, barang sampai dengan aman dan tidak ada rusak, terima kasih",https://shopee.co.id/Tiebymin-Lily-Hijab-Paris-Premium-i.29299683.5093532992?sp_atk=d2d086e2-7c26-456d-8b83-9df2c3121be8&xptdk=d2d086e2-7c26-456d-8b83-9df2c3121be8
53,Lozy Hijab - Bawal Shawl ( Pashmina Ceruty Babydoll ) BELI 3 LEBIH HEMAT,4,"Bahannya bagus, jatuh, adem. Cuma agak nerawang. Tapi kalo bahan baby doll ceruty emang kebanyakan nerawang sih. Tapi ini halus kainnya",https://shopee.co.id/Lozy-Hijab-Bawal-Shawl-(-Pashmina-Ceruty-Babydoll-)-BELI-3-LEBIH-HEMAT-i.255402508.4868868584?sp_atk=524d60db-1570-4615-b838-f39df1b48b12&xptdk=524d60db-1570-4615-b838-f39df1b48b12
54,Lozy Hijab - Voila Paris ( Hijab Paris Ultrafine ),4,"pengiriman cepat dan aman, packing juga aman, tapi sayangnya terlalu nerawang ya untuk warna yg aku pilih, but its okay, terimakasihüôèüôè",https://shopee.co.id/Lozy-Hijab-Voila-Paris-(-Hijab-Paris-Ultrafine-)-i.255402508.11417601207?sp_atk=f0b9ccae-e823-41f8-9de2-bb04fb192918&xptdk=f0b9ccae-e823-41f8-9de2-bb04fb192918
55,Lozy Hijab - Yana Voal Square ( Hijab Segiempat Voal ),4,"(-) warnanya lebih gelap dari yang difoto (+) jahitan rapi, kainnya bagus mudah dibentuk, tidak menerawang, pengiriman cepat",https://shopee.co.id/Lozy-Hijab-Yana-Voal-Square-(-Hijab-Segiempat-Voal-)-i.255402508.10456243935?sp_atk=b0ef7c8d-805f-45b8-b6ad-3f99842d35ca&xptdk=b0ef7c8d-805f-45b8-b6ad-3f99842d35ca
56,Maula Hijab - Kerudung Pashmina Inner 2 in 1 Diamond Pasmina Ciput Premium,4,Pengiriman cepat dan warna sesuai. Tapi sayang untuk inner warna hitam sudah longgar. Semoga kedepannya seller lebih teliti lagi sebelum mengirim barangnya. Terimakasih,https://shopee.co.id/Maula-Hijab-Kerudung-Pashmina-Inner-2-in-1-Diamond-Pasmina-Ciput-Premium-i.22806811.17335275381?sp_atk=8ce34612-7a92-4d8b-8c0d-9fde299175f1&xptdk=8ce34612-7a92-4d8b-8c0d-9fde299175f1
57,Tiebymin - Fuschia Luxury Silk Pashmina,4,"bagus, bener kata komen yg lain. moccanya kaya 11/12 kaya warna mauve. bahannya gak tipis tapi ga tebel juga, standar but menurut aku agak mahal sih ya tapi gapapa",https://shopee.co.id/Tiebymin-Fuschia-Luxury-Silk-Pashmina-i.29299683.3095513549?sp_atk=145b0639-bd85-4a04-a3b8-19a9a0889eaf&xptdk=145b0639-bd85-4a04-a3b8-19a9a0889eaf
58,Tiebymin - Aster Pashmina Jersey,4,kualitas sesuai dengan harga,https://shopee.co.id/Tiebymin-Aster-Pashmina-Jersey-i.29299683.14615561184?sp_atk=13dd33eb-8b51-4d1c-bff5-822751a9bf1f&xptdk=13dd33eb-8b51-4d1c-bff5-822751a9bf1f
59,LAREINA Pashmina Ceruty Hijab Jilbab Kerudung Pasmina Baby Doll Pashmina Ceruty Premium Jilbab Ceruti Premium,4,Warnanya terlalu terang kurang sesuai aja sama ekspetasi ku dengan contoh katalog tapi ya udah gapapa makasih,https://shopee.co.id/LAREINA-Pashmina-Ceruty-Hijab-Jilbab-Kerudung-Pasmina-Baby-Doll-Pashmina-Ceruty-Premium-Jilbab-Ceruti-Premium-i.295656816.4151749133?sp_atk=17d00a3d-edfd-40d9-a4b2-5f110f11adde&xptdk=17d00a3d-edfd-40d9-a4b2-5f110f11adde
60,Pashmina Dubai Crinkle,4,"pengiriman sangat amat cepat, barang yang dikirimkan sesuai, kualitas barang bagus tetapi sedikit kurang tebal",https://shopee.co.id/Pashmina-Dubai-Crinkle-i.251973574.14023554095?sp_atk=1102b780-c7fb-404f-b90f-6cc9f0370974&xptdk=1102b780-c7fb-404f-b90f-6cc9f0370974
61,Tesavara | PV Sash | Hijab Segiempat Pashmina Premium Voal,4,"agak tipis ya ternyata. Pengiriman cepat dan aman
Terima Kasih",https://shopee.co.id/Tesavara-PV-Sash-Hijab-Segiempat-Pashmina-Premium-Voal-i.74298983.2383315180?sp_atk=7b986b1f-2b4e-43b0-aead-d297608f8eb7&xptdk=7b986b1f-2b4e-43b0-aead-d297608f8eb7
62,La Vierra Pashmina Oval Malaya Pasmina Melayu Ceruty babydoll import,4,"Kerudungnya bagus, pengiriman cepat, warnanya cantik cantik tapi ada garis merah di kerudung warna wheat, dan tepi2 kain yang ga rapi di kerudung warna frappucino, semoga reseller lebih teliti lagi",https://shopee.co.id/La-Vierra-Pashmina-Oval-Malaya-Pasmina-Melayu-Ceruty-babydoll-import-i.47976666.9477883674?sp_atk=f85725b5-6112-4683-9c7e-493a7ed71d95&xptdk=f85725b5-6112-4683-9c7e-493a7ed71d95
63,ùêôùêàùêòùêÄ - Pashmina Inner 2in1 Premium | Pashmina Instan Ceruty Babydoll,4,"Seneng barang nya cepat banget sampainya, udah gitu packagingnya rapi . Cocok harganya buat dipakai mahasiswi seperti saya. Kualitasnya juga oke sesuai harga",https://shopee.co.id/%F0%9D%90%99%F0%9D%90%88%F0%9D%90%98%F0%9D%90%80-Pashmina-Inner-2in1-Premium-Pashmina-Instan-Ceruty-Babydoll-i.127564198.11085988643?sp_atk=5ee9da21-31e3-450e-b017-8f3725cd00f6&xptdk=5ee9da21-31e3-450e-b017-8f3725cd00f6
64,Hijaberies - Malaka Pashmina Inner Premium (Pashmina yang menyatu dengan Ciput) BELI 3 LEBIH HEMAT,4,sesuai lah ya sama harganya üòÇ. nggak jelek nggak bagus juga. kelebihannya innernya bisa diatur sesuka hati,https://shopee.co.id/Hijaberies-Malaka-Pashmina-Inner-Premium-(Pashmina-yang-menyatu-dengan-Ciput)-BELI-3-LEBIH-HEMAT-i.365975779.3787831692?sp_atk=90b4b59a-d16d-4bbf-a8f0-41194453c152&xptdk=90b4b59a-d16d-4bbf-a8f0-41194453c152
65,Hijab Voal Superfine Premium 120x120 | Mayra by Louriscarves ke,4,Hijabnya ternyata biasa aja menurutku untuk harga segitu. Yang beneran premiun cuma yg warna Moon menurutku,https://shopee.co.id/Hijab-Voal-Superfine-Premium-120x120-Mayra-by-Louriscarves-ke-i.250463971.7662086016?sp_atk=9f43e36f-0ff0-4cf0-a7e4-bdbe281c5045&xptdk=9f43e36f-0ff0-4cf0-a7e4-bdbe281c5045
66,Paris Premium Voal // Paris Premium // Segi Empat Paris Polos,4,Yang menurut aku standar sih barangnya sesuai lah dgn harga tapi enak bahannya kalau dipake ga letoi,https://shopee.co.id/Paris-Premium-Voal-Paris-Premium-Segi-Empat-Paris-Polos-i.466793933.13852432202?sp_atk=e1364b99-a459-4612-9d22-f43a1e70d1b5&xptdk=e1364b99-a459-4612-9d22-f43a1e70d1b5
67,NAISHA OFFICIAL - Salwa Malay | Hijab Malay Syar'i | Segiempat Curve,4,"Bahan lumayan licin menurutku, tapi jaitannya rapi Warnanya kalem",https://shopee.co.id/NAISHA-OFFICIAL-Salwa-Malay-Hijab-Malay-Syar'i-Segiempat-Curve-i.71568695.19123927385?sp_atk=aad1c958-b941-40c8-afd1-b84e56862189&xptdk=aad1c958-b941-40c8-afd1-b84e56862189
68,Ansania Kerudung Paris Premium - Hijab Jilbab Segi Empat Ansania Paris Japan Premium,4,"Walaupun warna yang diharapkan tidak sama. Yang datang warnanya lebih gelap beda banget nggak taulah apa ini salah warna atau emang warna foto beda. Tapi kualitas bagus, paris yang saya harapkan. Jahitan tepinya juga rapi banget kecil gitu jadi smooth gitu. Bahan agak kasar semoga dicuci jadi lebih lembut. Saran aja sih buat promo diskon saya mau beli lagi ya",https://shopee.co.id/Ansania-Kerudung-Paris-Premium-Hijab-Jilbab-Segi-Empat-Ansania-Paris-Japan-Premium-i.67299902.12663762413?sp_atk=39693406-6b8c-4d01-97ea-68cb44d7395f&xptdk=39693406-6b8c-4d01-97ea-68cb44d7395f
69,Plain Hijab Premium \ Hijab Basic Plain Square,4,"Warnanya bagus2 aku suka, tapi bahannya kurang tebal jadi menerawang. Pengiriman sih oke ya cepat sekali.. Thank u to seller untuk bonusnya üòä",https://shopee.co.id/Plain-Hijab-Premium-Hijab-Basic-Plain-Square-i.260434672.6140075589?sp_atk=6df9f2a9-d996-4aa0-97ad-c31a0cbca733&xptdk=6df9f2a9-d996-4aa0-97ad-c31a0cbca733
70,Nelafa Bella Square Hijab Segiempat / Bella Square Terbaru,4,"bagus jilbabnya aku suka banget. beneran bella square yang paling aku suka. pengen beli warna lainnya. packaging aman ya plastik + dalemnya dapat pouch dan dalem pouch diplastikin lagi. sayang pengemasannya lama, 2 hari order bar dikirimüòî",https://shopee.co.id/Nelafa-Bella-Square-Hijab-Segiempat-Bella-Square-Terbaru-i.714371086.16248403520?sp_atk=dadcd18e-4f81-4991-9591-6ad86e142945&xptdk=dadcd18e-4f81-4991-9591-6ad86e142945
71,Anya Instan Pashmina Inner Tali Tanpa Pentul,4,bagus tapi jahitannya agak kurang rapi tapi masi lumayan lah,https://shopee.co.id/Anya-Instan-Pashmina-Inner-Tali-Tanpa-Pentul-i.28058134.20918347008?sp_atk=3fce1047-1710-4ae9-b38d-ac1805cdb06f&xptdk=3fce1047-1710-4ae9-b38d-ac1805cdb06f
72,Demar Hijab - Dariya (Hijab Instan Jersey Super Premium),4,Tampilan cukup oke dan jilbabnya nyaman. Tidak buat gerah tapi emang cukup licin,https://shopee.co.id/Demar-Hijab-Dariya-(Hijab-Instan-Jersey-Super-Premium)-i.29233799.20023864174?sp_atk=004c793b-4c8f-4108-93b0-d795bf6b09b7&xptdk=004c793b-4c8f-4108-93b0-d795bf6b09b7
73,(SPORTY) Hijab Sport Menutup Dada/Hijab Olahraga/Lycra Jersey,4,"pengiriman sangat cepat, kainnya bagus banget. tapi ternyata barangnya kalo buat remaja kok agak kecil ya",https://shopee.co.id/(SPORTY)-Hijab-Sport-Menutup-Dada-Hijab-Olahraga-Lycra-Jersey-i.65381355.4767514246?sp_atk=80d4844c-c85d-43d1-9d11-7eedbc807aaf&xptdk=80d4844c-c85d-43d1-9d11-7eedbc807aaf
74,Jilbab Zifana Khimar Pinguin Jersey | Jilbab Khimar Instan Simpel | Kerudung Hijab Pet Antem | Jilbab Instan Jersey premium | ,4,"Barang sudah sampai, tapi ada sedikit sobekan di bagian depan kerudung, terimakasih",https://shopee.co.id/Jilbab-Zifana-Khimar-Pinguin-Jersey-Jilbab-Khimar-Instan-Simpel-Kerudung-Hijab-Pet-Antem-Jilbab-Instan-Jersey-premium-Hijab-Bergo-Jersey-Qisthy-Hijab-i.170427515.15009731678?sp_atk=ff6d7349-2291-4003-a3e4-7b2459a55bdb&xptdk=ff6d7349-2291-4003-a3e4-7b2459a55bdb
75,Bergo sport menutup dada jilbab bergo hamidah size m,4,"Udah beberapa kali order jilbab di sini, jilbabnya bagus, kainnya standar sesuai sama harganya. Ada perbedaan warna coksunya tidak seperti warna yang dibeli pertama kali",https://shopee.co.id/bergo-sport-menutup-dada-jilbab-bergo-hamidah-size-m-i.268066914.12828779185?sp_atk=589138b3-726e-4bd4-a8ca-4d597479a36a&xptdk=589138b3-726e-4bd4-a8ca-4d597479a36a
76,Luluhijab | (COD) HIJAB MOTIF VOAL PREMIUM SEGIEMPAT TERBARU,4,Lumayan sih tapi bahannya beda2 wkwk trus warnanya juga ga pekat mungkin sesuai harga kali,https://shopee.co.id/Luluhijab-(COD)-HIJAB-MOTIF-VOAL-PREMIUM-SEGIEMPAT-TERBARU-JILBAB-MOTIF-i.285643937.7662508572?sp_atk=1b8b14ed-a244-496b-893d-6272079ad7d0&xptdk=1b8b14ed-a244-496b-893d-6272079ad7d0
77,Radwah - Premium Scarf Raya Series ,4,"Barangnya oke dan sesuai dengan yang ada di gambar, cuma sayang aja gak dapat box padahal beli yang premium. sebelumnya pernah beli untuk seri yang sama dapat box loh",https://shopee.co.id/Radwah-Premium-Scarf-Raya-Series-Scarf-Printing-i.107483017.7387097391?sp_atk=9933a064-ae53-4415-8e49-181bb5415c45&xptdk=9933a064-ae53-4415-8e49-181bb5415c45
78,Radwah - Aira Scarf Anti Air - Hijab Square,4,"Kecewa sih, dengan harga segitu, tapi gak ada kotak ya, cuma pake plastik, padahal bahannya bagus, wangi, kualitas sudah seperti kerudung yang brand mahal, tapi sayang packagingnya biasa aja.",https://shopee.co.id/Radwah-Aira-Scarf-Anti-Air-Hijab-Square-i.107483017.6219906615?xptdk=dbff91f2-4994-42fa-9867-c3dac69dcd07
79,HARRAMU Kerudung Segiempat Printing Isi 4 Special Bundling,4,"Bungkusannya aman, bahan kerudungnya ternyata tipis banget nerawang, pinggirannya masih ada yang kurang rapi",https://shopee.co.id/HARRAMU-Kerudung-Segiempat-Printing-Isi-4-Special-Bundling-Jilbab-Segiempat-Motif-Voal-Paris-Premium-Hijab-Segi-4-Empat-Kerudung-Square-Laser-Cut-Krudung-Terbaru-Scarf-Scarves-Scraf-Scraft-Lasercut-Jelbab-Cantik-Jilbap-Murah-Hijap-Kekinian-Scarves-i.500736705.11834664878?sp_atk=31ca6dee-16bc-4b6a-b127-99066f04a656&xptdk=31ca6dee-16bc-4b6a-b127-99066f04a656
80,HARRAMU Jilbab Segiempat Motif Zera Coklat Voal Paris Premium Hijab Segi 4 Empat Kerudung Square Laser Cut,4,Sayang ga simetris potongan kerudungnya. Tapi komplain ke customer service responsif dan solutif,https://shopee.co.id/HARRAMU-Jilbab-Segiempat-Motif-Zera-Coklat-Voal-Paris-Premium-Hijab-Segi-4-Empat-Kerudung-Square-Laser-Cut-Krudung-Terbaru-Scarf-Scarves-Scraf-Printing-Scraft-Lasercut-Jelbab-Cantik-Jilbap-Murah-Hijap-Kudung-Terbaru-Kekinian-Scarves-Kudung-Scarft-Murah-i.500736705.20609948783?xptdk=cac3d5c6-d3aa-4a22-8b65-f52f94dab155
81,Emikoawa Hijab Voal Polos Segiempat - Voile Polos,3,"Pembelian pertama, kecewa sih . Karna warnanya kurang sesuai. Gelap banget warna anggurnya . Terus kainnya juga agak renggang2 gitu. Agak mahal sih kalau kualitasnya kayak gini. Semoga lebih baik lagi",https://shopee.co.id/Emikoawa-Hijab-Voal-Polos-Segiempat-Voile-Polos-i.5438807.7811155970?sp_atk=1cd2c625-30e5-4ed3-9263-a5515fb8e877&xptdk=1cd2c625-30e5-4ed3-9263-a5515fb8e877
82,Ansania - Saudia Syari Hijab Kerudung Segi Empat Polos Seri Warna - Jilbab Segi Empat Jumbo Saudia Grande Syari Hijab,3,"warnanya berbeda dengan yang ada digambar, mungkin bisa disesuaikan agar pembeli tidak tertipu",https://shopee.co.id/Ansania-Saudia-Syari-Hijab-Kerudung-Segi-Empat-Polos-Seri-Warna-Jilbab-Segi-Empat-Jumbo-Saudia-Grande-Syari-Hijab-i.67299902.10162728575?sp_atk=6b95d26a-08ab-4e2f-9157-370843d58a56&xptdk=6b95d26a-08ab-4e2f-9157-370843d58a56
83,Elzatta Scarf Segi Empat Obelia Samida,3,"Kainnya adem tapi agak tipis, pemasangan merek terbalik... Memang beda kalau beli dengan harga normalü§ó Pengiriman lumayan lama. Maaf ya cuma kasih bintang 3",https://shopee.co.id/Elzatta-Scarf-Segi-Empat-Obelia-Samida-i.12073181.5478030885?sp_atk=942673b6-b8db-4555-a822-7fe0f9e00aa7&xptdk=942673b6-b8db-4555-a822-7fe0f9e00aa7
84,Diario x Nagita Slavina - Ultrafine Plain Scarf Kerudung Segi Empat,3,"Corak, motif dan packaging bagus banget. Sayang jilbabnya tipis untuk harga segini. Tipis banget ini nerawang :(",https://shopee.co.id/Diario-x-Nagita-Slavina-Ultrafine-Plain-Scarf-Kerudung-Segi-Empat-i.13447656.3439785620?sp_atk=fb7c13fe-788f-4156-80a8-ab815d8feba6&xptdk=fb7c13fe-788f-4156-80a8-ab815d8feba6
85,Umama Scarf - Kerudung Polos Segi Empat Basic Voal (Seri Warna),3,"bahannya bagus cuma jahitan tepi kurang rapi dan kebetulan dapet yang pinggiran, QC kurang teliti",https://shopee.co.id/Umama-Scarf-Kerudung-Polos-Segi-Empat-Basic-Voal-(Seri-Warna)-i.261856745.3452465885?sp_atk=38c954d0-aa1c-44b5-a779-6dd204e73145&xptdk=38c954d0-aa1c-44b5-a779-6dd204e73145
86,Maula Hijab - Kerudung Pashmina Inner 2in 1 Ceruty Babydoll Pasmina Ciput Premium,3,Sepertinya tidak teliti dalam pemilihan. Ini baru pertama kali buka udah ada nodanya seperti ini,https://shopee.co.id/Maula-Hijab-Kerudung-Pashmina-Inner-2in-1-Ceruty-Babydoll-Pasmina-Ciput-Premium-i.22806811.15131507761?sp_atk=cd401de6-2934-4590-bef5-7b4c22940dda&xptdk=cd401de6-2934-4590-bef5-7b4c22940dda
87,Lozy Hijab - Bawal Shawl ( Pashmina Ceruty Babydoll ) BELI 3 LEBIH HEMAT,3,"agak kurang puas sama hijabnya, menurut aku masih kurang cocok dengan harga segitu. jilbabnya nerawang banget, tipis juga.",https://shopee.co.id/Lozy-Hijab-Bawal-Shawl-(-Pashmina-Ceruty-Babydoll-)-BELI-3-LEBIH-HEMAT-i.255402508.4868868584?sp_atk=a7a768ec-df0c-416c-810a-95fd24b03132&xptdk=a7a768ec-df0c-416c-810a-95fd24b03132
88,Lozy Hijab - Polly Cotton ( Hijab Segiempat Bella Square),3,"Untuk brand yang udah terkenal, kualitas hijab squarenya kurang banget, jaitannya berantakan dibagian logo pula, bentuknya nggak simetris, gatau ini semua produknya atau karena diskonan lumayan gede jadi dikasih barang reject / kualitasnya galolos qc, kalo karena diskonan mending gausah diskon deh :)",https://shopee.co.id/Lozy-Hijab-Polly-Cotton-(-Hijab-Segiempat-Bella-Square)-i.255402508.4862117087?xptdk=9ca45867-aef7-4bd1-a1be-7abfd44b04fa
89,Lozy Hijab - Mima Square ( Hijab Segiempat Katun ) BELI 3 LEBIH HEMAT,3,"bagus, tapi sayang sekali warna katalog sama aktualnya jauh beda. minus di perkiraan warna. jadi selalu deg degan kalo beli kerudung karena sering beda jauh warnanya. emang sih foto katalog lebih terang dari pada aslinya, tapi untuk warnanya kadang beda banget. dark grey kayak warna coklat hmmm",https://shopee.co.id/Lozy-Hijab-Mima-Square-(-Hijab-Segiempat-Katun-)-BELI-3-LEBIH-HEMAT-i.255402508.5375429379
90,Lozy Hijab - Nura Instan Pad (Hijab Instan Jersey),3,Maaf sekali kak. bagiku untuk sekelas mall bahan jilbabnya tipis dan melar banget. Apalagi dengan harga yang wow. Agak worry apakah ini nantinya bakal lama2 melar kalo sering di cuci pake . Bismillah sajalah. Karna lagi butuh hijab pet buat sehari-hari.,https://shopee.co.id/Lozy-Hijab-Nura-Instan-Pad-(Hijab-Instan-Jersey)-i.255402508.22605107454?sp_atk=07e7b48a-b42c-43cc-8e68-0f5715848022
91,Segiempat Waffle Premium Umama Label Gold Vol.2,3,Warna kerudung yang datang tidak sesuai gambar,https://shopee.co.id/Segiempat-Waffle-Premium-Umama-Label-Gold-Vol.2-i.201977068.22816120029
92,Hijab Basic Voal Metalogo ORI Jahit Umama Scarf Jilab Voal Umama Segiempat Polos Umama 110x110cm,3,bagus banget yang voila tebel gitu kayanya nyaman sih di pake engga nerawang,https://shopee.co.id/Hijab-Basic-Voal-Metalogo-ORI-Jahit-Umama-Scarf-Jilab-Voal-Umama-Segiempat-Polos-Umama-110x110cm-i.87808038.1723968477?sp_atk=0704b722-363b-4b78-a8d1-ea5c45a7b8fb&xptdk=0704b722-363b-4b78-a8d1-ea5c45a7b8fb
93,HIJAB SEGIEMPAT VOAL WAFFLE LASERCUT UMAMA 110X110 BEST SELLER,3,"Barang bagus tapi yang dikirim ada satu yang beda, mau warna mauve semua tapi yang satunya warna dusty",https://shopee.co.id/HIJAB-SEGIEMPAT-VOAL-WAFFLE-LASERCUT-UMAMA-110X110-BEST-SELLER-i.40405566.6997095767?sp_atk=fa33a917-086d-4e85-b73a-4512894f2dc3&xptdk=fa33a917-086d-4e85-b73a-4512894f2dc3
94,HIJAB SEGI EMPAT WAFEL LASERCUT POTTON STAR / KERUDUNG SEGI EMPAT LASERCUT POTTON STAR / HIJAB SEGI EMPAT LASERCUT,3,Bagus sih tapi gak sesuai di foto,https://shopee.co.id/HIJAB-SEGI-EMPAT-WAFEL-LASERCUT-POTTON-STAR-KERUDUNG-SEGI-EMPAT-LASERCUT-POTTON-STAR-HIJAB-SEGI-EMPAT-LASERCUT-TERBARU-HIJAB-SEGI-EMPAT-TERBARU-i.465675263.21415032886?sp_atk=9e689325-b81e-40ff-b9e5-e8df647c72d8&xptdk=9e689325-b81e-40ff-b9e5-e8df647c72d8
95,ZM Zaskia Mecca - Chen Plum Pashmina - Jelita Indonesia - Edisi Lamun Ombak,3,"Motif pashminanya bagus, cuma emang bahannya tipis,, Dan yang aku kurang suka, respon admin lama banget,, Proses pengembalian dananya super lama.. Barang sudah di warehouse dari lama, tapi gak diproses2 pengembaliannya,, Semoga pelayanannya lebih baik dengan bawa nama brand artis",https://shopee.co.id/ZM-Zaskia-Mecca-Chen-Plum-Pashmina-Jelita-Indonesia-Edisi-Lamun-Ombak-i.12654106.9879641583
96,Pashmina Kaos/ Pashmina Jersey/ Pasmina Jersey Premium/ Pashmina Kaos Spandex Rayon/ Pashmina Rayon,3,"lama dikirimnya, dari sebelumnya minta cancel karna mau ganti warna eh ga di bales, mana lama dikasih ke kurirnya",https://shopee.co.id/Pashmina-Kaos-Pashmina-Jersey-Pasmina-Jersey-Premium-Pashmina-Kaos-Spandex-Rayon-Pashmina-Rayon-i.349016912.21472496949?sp_atk=1c3ba275-148a-490a-badf-a8008ff7fdf0&xptdk=1c3ba275-148a-490a-badf-a8008ff7fdf0
97,Tesavara | PV Sash | Hijab Segiempat Pashmina Premium Voal,3,Untuk bahannya bagus mudah di bentuk tapi sayangnya nerawang. Ga sesuai ekspektasi sih sesungguhnya. Semoga kualitas bahan semakin ditingkatkan lagi agar sesuai dengan harga yg di bandrol. Terimakasih seller,https://shopee.co.id/Tesavara-PV-Sash-Hijab-Segiempat-Pashmina-Premium-Voal-i.74298983.2383315180?sp_atk=87c62cb8-1541-4176-8fe7-6e63980ed785&xptdk=87c62cb8-1541-4176-8fe7-6e63980ed785
98,ITSMOSTLY - Qyura Shawl,3,"Maaf.. warna lebih pucat dari gambar, nerawang banget. Wajib pake daleman ninja. Hmmm.. bahannya juga kasar. Panas kayaknya dipake nya.. packing sama pengiriman cepat. Terima kasih.",https://shopee.co.id/ITSMOSTLY-Qyura-Shawl-i.150009462.2263926712?sp_atk=0883b35c-5174-47c7-9e1e-ffad3632200a&xptdk=0883b35c-5174-47c7-9e1e-ffad3632200a
99,Maula Hijab - Kerudung Pashmina Inner 2in 1 Ceruty Babydoll Pasmina Ciput Premium,3,"Bahanya enak adem, ciputnya agak pusing di kepala bahan ciputnya agak panas dan agak susah di atur pas dibentuknya, tapi ya sesuai dengan harga dapet harga segitu bahanya enak buat pashmina nya",https://shopee.co.id/Maula-Hijab-Kerudung-Pashmina-Inner-2in-1-Ceruty-Babydoll-Pasmina-Ciput-Premium-i.22806811.15131507761?sp_atk=08558d4b-6e28-404f-a5f4-f5064018b49f&xptdk=08558d4b-6e28-404f-a5f4-f5064018b49f
100,Demar Hijab - Ziba (Pashmina Oval Instan Jersey Super Premium),3,"Baru kali ini ngasih rating jelek karena emang sekecewa itu, bahannya tipis jadi nerawang, modelnya juga kurang bagus. Ga worth to buy ! Untuk harga segini harusnya bisa dapat kualitas yang jauh lebih baik. Maaf ya komen jujur üôè semoga kedepannya kualitas produk bisa jauh lebih baik, lebih sesuai dengan harga yang dibayar üôè",https://shopee.co.id/Demar-Hijab-Ziba-(Pashmina-Oval-Instan-Jersey-Super-Premium)-i.29233799.17087529382?sp_atk=a6de6554-b313-4c68-bb83-0749a64e52de&xptdk=a6de6554-b313-4c68-bb83-0749a64e52de
101,Pashmina Malay Ceruty Babydoll Curve Oval,3,"bagus sih tapi yang datang gak sesuai, malahan yang datang dua duanya daily plan hijab bukan pashmina Malay:(",https://shopee.co.id/Pashmina-Malay-Ceruty-Babydoll-Curve-Oval-i.5977189.22836152246?sp_atk=6882659a-eb82-42ec-a422-b5bfdf73cb38&xptdk=6882659a-eb82-42ec-a422-b5bfdf73cb38
102,Kaniya Official - Pashmina Kaos Jersey / Pashmina Jersey,3,"mohon diperiksa ya ka kalo mau ngirim, Ada noda di jilbab nya",https://shopee.co.id/Kaniya-Official-Pashmina-Kaos-Jersey-Pashmina-Jersey-i.319209450.23318807453?sp_atk=fb535a4f-24c5-45c1-ac1b-0984976aa1fd&xptdk=fb535a4f-24c5-45c1-ac1b-0984976aa1fd
103,Qia Shawl Pashmina Voal Miracle,3,"Secara bahan oke, tapi untuk ukuran aku suka scrunchie yang bervolume, yang ini menurutku agak kurang volume. Untuk pengirimannya oke, seller gercep.",https://shopee.co.id/Qia-Shawl-Pashmina-Voal-Miracle-i.243629028.3532228536?sp_atk=2e14247a-26a7-4a7a-972d-850c2c689393&xptdk=2e14247a-26a7-4a7a-972d-850c2c689393
104,Gonegani Hijab Pashmina Polos Aleza Silk Eyelesh Shawl,3,Bahannya biasa aja. Kemahalan,https://shopee.co.id/Gonegani-Hijab-Pashmina-Polos-Aleza-Silk-Eyelesh-Shawl-i.378803638.18477676873?sp_atk=e828a338-ccd5-4bb9-bd79-4f5dc7ccdb0e&xptdk=e828a338-ccd5-4bb9-bd79-4f5dc7ccdb0e
105,Kelora Pashmina Square Hijaberies - Hijab Pashmina Segi Empat Pola Muka Tegak bahan Babydoll Premium,3,"Kualitas jilbabnya bagus, adminya juga responsif dan ramah, tapi warna jilbabnya ga realpict banget, jauh lebih gelap dari pictnya :(",https://shopee.co.id/Kelora-Pashmina-Square-Hijaberies-Hijab-Pashmina-Segi-Empat-Pola-Muka-Tegak-bahan-Babydoll-Premium-i.365975779.9334108031?sp_atk=09cae84d-f4d1-47ca-8a60-8ff17386adbb&xptdk=09cae84d-f4d1-47ca-8a60-8ff17386adbb
106,Plain Hijab Premium \ Hijab Basic Plain Square,3,"ngga licin, ngga meleyot2, jahitan rapi tapi.... Sayangnya tipis banget bestie jadinya kerudungnya transparan üòî Next semoga kualitas kainnya lebih baik",https://shopee.co.id/Plain-Hijab-Premium-Hijab-Basic-Plain-Square-i.260434672.6140075589?sp_atk=f04d04b1-56db-46bc-be54-0d55a7110c6c&xptdk=f04d04b1-56db-46bc-be54-0d55a7110c6c
107,Umama Scarf - Kerudung Polos Segi Empat Paris Olive LC,3,"potongannya ga rapi, lalu ada noda dijilbabmya yang tidak bisa hilang",https://shopee.co.id/Umama-Scarf-Kerudung-Polos-Segi-Empat-Paris-Olive-LC-i.261856745.17024568525?sp_atk=d4e13a6f-b7e7-4cfe-9283-cfbaa17ee0b0&xptdk=d4e13a6f-b7e7-4cfe-9283-cfbaa17ee0b0
108,Hijab Segiempat Voal Curve/segiempat Malay/Voile curve,3,untuk warna nude bahannya lebih tipis jadi warnanya terlalu pudar,https://shopee.co.id/Hijab-Segiempat-Voal-Curve-segiempat-Malay-Voile-curve-i.349951598.18772162122?sp_atk=bdeb5043-3ed1-4746-aa72-df28052ed0a1&xptdk=bdeb5043-3ed1-4746-aa72-df28052ed0a1
109,ZM Zaskia Mecca - Sana Army Hijab Kerudung Segi Empat,3,"Sampai dengan selamat, jumlah&warna sesuai pesanan, bahan ok tapi ntah jahitannya yang kurang rapih atau emang karna lipetannya jadi ada beberapa bagian yang berkerut & benang sisa sedikit di ujung tepi, pengemasan lama pengiriman cepet",https://shopee.co.id/ZM-Zaskia-Mecca-Sana-Army-Hijab-Kerudung-Segi-Empat-i.12654106.3743634732?sp_atk=35105255-98d2-496c-adf2-e705a59dc2b6&xptdk=35105255-98d2-496c-adf2-e705a59dc2b6
110,KERUDUNG JILBAB HIJAB SEGI EMPAT SEGI4 SEGIEMPAT / SEGI TIGA VOAL SUPER PREMIUM TEBAL LASERCUT VIRAL TERLARIS MURAH,3,kainya tebal tapi agak kasar gitu,https://shopee.co.id/KERUDUNG-JILBAB-HIJAB-SEGI-EMPAT-SEGI4-SEGIEMPAT-SEGI-TIGA-VOAL-SUPER-PREMIUM-TEBAL-LASERCUT-VIRAL-TERLARIS-MURAH-SUPER-PREMIUM-GRADE-A-POLOS-ELZAHRA-UNTUK-ANAK-SEKOLAH-UKURAN-115X115-CM-BISA-COD-i.23728273.20171564252?sp_atk=fe45750f-9f16-492e-acc8-8634a10f54f4&xptdk=fe45750f-9f16-492e-acc8-8634a10f54f4
111,Pashmina Kaos Pashmina Jersey Flowy Premium Hijab Pasmina kaos rayon,3,Bahannya enak adem enak dipakek tapi ini terlalu tipis sih menurutkuü•∫ Tapi gapapa lah. Makasih ya,https://shopee.co.id/Pashmina-Kaos-Pashmina-Jersey-Flowy-Premium-Hijab-Pasmina-kaos-rayon-i.4193181.14035303368?sp_atk=6fae02f4-d295-49c0-aed6-b3f91176ced2&xptdk=6fae02f4-d295-49c0-aed6-b3f91176ced2
112,Zoya Esana Scarf - Kerudung Hijab Segiempat Polos Bahan Polyspun - Logo Zoya Embroidery,3,Tipis sekali bahannya Dengan harga segitu saya rasa kurang bagus ya kualitasnya,https://shopee.co.id/Zoya-Esana-Scarf-Kerudung-Hijab-Segiempat-Polos-Bahan-Polyspun-Logo-Zoya-Embroidery-i.15996341.18817447148?sp_atk=ac3463eb-41a8-458d-905d-f2ebcc6d8306&xptdk=ac3463eb-41a8-458d-905d-f2ebcc6d8306
113,SEGIEMPAT INSTAN PLUS INNER 2IN1,3,"Barang yang datang sesuai dengan pesanan, namun sayang ada noda putih di hijab. Bahannya biasa saja",https://shopee.co.id/SEGIEMPAT-INSTAN-PLUS-INNER-2IN1-i.54673404.14045449552?sp_atk=c2c5404a-ab7b-40b2-b02c-88aa381f2196&xptdk=c2c5404a-ab7b-40b2-b02c-88aa381f2196
114,Zoya Feriha Scarf - Kerudung Hijab Segiempat Polos Bahan Polyspun,3,Warna gak sesuai pesanan,https://shopee.co.id/Zoya-Feriha-Scarf-Kerudung-Hijab-Segiempat-Polos-Bahan-Polyspun-i.15996341.21012654171?sp_atk=3858a719-7bc9-41bf-a271-07a4dfd374a0&xptdk=3858a719-7bc9-41bf-a271-07a4dfd374a0
115,Kerudung Hijab Segiempat Voal Motif Lasercut Azara Umama Askara Scrafs Buttons Scraves Bisa Pilih Warna,3,"aku gak tau ini sellernya salah kirim barang apa aku yang salah co,, aku cuma pesen 2 warna hitam sama warna pink tapi dikirimnya 5 warnanya salah semua,, so far bahannya bagus sih gak mengecewakan cuma warnanya aja yang salah",https://shopee.co.id/Kerudung-Hijab-Segiempat-Voal-Motif-Lasercut-Azara-Umama-Askara-Scrafs-Buttons-Scraves-Bisa-Pilih-Warna-i.54397378.11002124679?sp_atk=7e1c3141-b14c-49c7-8e42-a3a9263b0139&xptdk=7e1c3141-b14c-49c7-8e42-a3a9263b0139
116,Zeana Pashmina Instan Jersey Plus Inner,3,"Bahan kurang oke, inner bandananya juga terlalu besar.. ",https://shopee.co.id/Zeana-Pashmina-Instan-Jersey-Plus-Inner-i.28058134.21028046110?sp_atk=64e501d9-972c-49a0-9da3-8f1c81c5b986&xptdk=64e501d9-972c-49a0-9da3-8f1c81c5b986
117,Zoya Bergo Hijab Instant Marsha HL Casual,3,sayang sekali barangnya kotor. ada noda hitam dan putihnya. gak tau bisa hilang gak. seperti barang lama,https://shopee.co.id/Zoya-Bergo-Hijab-Instant-Marsha-HL-Casual-i.15996341.5715269625?xptdk=30eb16be-8d00-48c9-8633-f0c6ef7b7040
118,Rabbani - Kerudung Sekolah Instan Innova,3,"Kerudungnya bagus pas tapi bahannya lebih tipis dari yang biasanya, dulu aku beli di toko tebel sekarang lebih tipis",https://shopee.co.id/Rabbani-Kerudung-Sekolah-Instan-Innova-Lx-i.31578197.1654187927?sp_atk=6fdcf008-e098-4513-8a0b-e32a1bb3f21a&xptdk=6fdcf008-e098-4513-8a0b-e32a1bb3f21a
119,Rabbani - Kerudung Instan Innova KAA2,3,"Alhamdulillah sudah sampai barangnya, tapi sedikit kecewa karena ada noda bekas spidol gitu kayaknya ga bisa ilang juga.. hmmm lain kali tolong lebih diperhatikan ya..",https://shopee.co.id/Rabbani-Kerudung-Instan-Innova-KAA2-i.31578197.7012651789?sp_atk=153dddba-3a2a-4779-b03f-09dbece4aa96&xptdk=153dddba-3a2a-4779-b03f-09dbece4aa96
120,Paris Premium by nanine.id,3,Untuk harga segitu bahannya kasarü•∫ dibanding produk sebelah.. ditingkatkan lagi kualitas bahannya karena harganya lumayan pricey,https://shopee.co.id/Paris-Premium-by-nanine.id-i.378730047.5991453641?sp_atk=0d7da42a-8ba5-4d43-a4b1-6c93141c6b03&xptdk=0d7da42a-8ba5-4d43-a4b1-6c93141c6b03
121,ODELIA HIJAB - ELIAH VOAL ULTRAFINE (Hijab Segiempat Eliah voal Polos),2,Yang abu2 warnaya gak sesuai foto,https://shopee.co.id/ODELIA-HIJAB-ELIAH-VOAL-ULTRAFINE-(Hijab-Segiempat-Eliah-voal-Polos)-i.832865197.13295452749?sp_atk=e047e53a-281b-4e0c-b0cc-fdbfb7ab0d80&xptdk=e047e53a-281b-4e0c-b0cc-fdbfb7ab0d80
122,ùêÜùêÄùêôùêÄ - Pashmina Inner 2in1 Premium | Pashmina Instan,2,"Warnanya ga sesuai gambar, aslinya gelap Padahal harga segitu harusnya dapet kualitas lebih baik",https://shopee.co.id/%F0%9D%90%86%F0%9D%90%80%F0%9D%90%99%F0%9D%90%80-Pashmina-Inner-2in1-Premium-Pashmina-Instan-i.344306006.17820467159?sp_atk=26a11579-86b1-412a-93e1-b5575a454aa7&xptdk=26a11579-86b1-412a-93e1-b5575a454aa7
123,Pashmina Kaos Jersey Premium Pashmina Koas Hijab Flowy Pasmina Kaos Rayon Pasmina Jersey,2,"jahitannya jelek gak rapi, warna moka nya kurang suka ya pas lah sama harganya",https://shopee.co.id/Pashmina-Kaos-Jersey-Premium-Pashmina-Koas-Hijab-Flowy-Pasmina-Kaos-Rayon-Pasmina-Jersey-i.39719057.22522450197?sp_atk=90cabf55-e895-41d7-8a36-eff088053d93&xptdk=90cabf55-e895-41d7-8a36-eff088053d93
124,Lozy Hijab - Bawal Shawl ( Pashmina Ceruty Babydoll ) BELI 3 LEBIH HEMAT,2,"Kecewa banget sih, giliran mesen yang BW cacat dan bolong2 gini. Padahal kualitas pashmina lozy sebagus dan se flowly itu. Ajukan pengembalian berbelit-belit dan solusinya cuma voucher disc 20k belanja di web. Its okay sedikit bertanggung jawab walaupun rugi bandar. Tapi please admin DI CEK DONG !!!",https://shopee.co.id/Lozy-Hijab-Bawal-Shawl-(-Pashmina-Ceruty-Babydoll-)-BELI-3-LEBIH-HEMAT-i.255402508.4868868584?xptdk=ea6f9dab-6e0f-4b41-adf0-a8a15ec5f314
125,Lozy Hijab - Haraa Voal Plain (Segiempat Voal Premium Polos Non Lasercut),2,warna beda jauh dengan foto,https://shopee.co.id/Lozy-Hijab-Haraa-Voal-Plain-(Segiempat-Voal-Premium-Polos-Non-Lasercut)-i.255402508.20552008784
126,Lozy Hijab - Rayna Instan Shawl (Pashmina Instan Rayon),2,"Pengiriman lama dan bahan pashiminanya tebel banget jadi jatohnya berat banget di kepala, maaf ya kasih ‚òÜ‚òÜ",https://shopee.co.id/Lozy-Hijab-Rayna-Instan-Shawl-(Pashmina-Instan-Rayon)-i.255402508.19166101082?sp_atk=e7c00a60-61f1-48e8-8585-cd2a3f21c750&xptdk=e7c00a60-61f1-48e8-8585-cd2a3f21c750
127,Lozy Hijab - Polly Cotton ( Hijab Segiempat Bella Square),2,Baru kali ini kecewa deh.. hampir disemua sisi jahitannya bermasalah.. apa karena lagi ada potongan harga jadi kualitas produknya tidak diperhatikan... masih bagusan yang defect deh.. cacatnya minim banget..,https://shopee.co.id/Lozy-Hijab-Polly-Cotton-(-Hijab-Segiempat-Bella-Square)-i.255402508.4862117087
128,Lozy Hijab - Biyya Instan ( Bergo Crinkle ) Beli 3 Lebih Hemat!,2,Bergonya tidak sesuai dengan yang digambar. Pola nya berbeda. Malah mirip dengan model llea. Sudah komplain tapi belum ada feedback kembali. Alasan adminnya krena beda penjahit jadi modenya beda. Seharusnya diberitahukan di deskripsi kalau yg warna hitam berbeda modelnya. Sungguh kecewa karena modelnya berbeda dengan model biyya yang seharusnya. Yang warna biru pola nya sama tapi yang hitam sangat berbeda. Karena promo barang tidak dicek kembali atau bagaimana? Ditunggu feedbacknya hanya minta maaf dan diberikan voucher untuk belanja lagi. Tidak menyelesaikan masalah.,https://shopee.co.id/Lozy-Hijab-Biyya-Instan-(-Bergo-Crinkle-)-Beli-3-Lebih-Hemat!-i.255402508.6695499580?sp_atk=86870b67-e1b6-42ef-a81d-00250723f46b
129,Mallow Basic Voal (115x115) Hijab Segiempat Premium Voal,2,"Sedikit menyesal soalnya saya beli warna caramel tapi pas dateng ga sesuai yang di gambar, harga dan bahan tidak sesuai terlalu mahal untuk harga segini tapi kalo masalah panjang sih oke, terima kasih min",https://shopee.co.id/Mallow-Basic-Voal-(115x115)-Hijab-Segiempat-Premium-Voal-i.38843078.2103781116?xptdk=51521561-66bb-47e3-9416-d336204dcd53
130,Mallow Luna Square Hijab Segiempat Cotton Paris,2,Warnanya cantik. Jahitan ada yg rusak. Tapi yaudahlah.,https://shopee.co.id/Mallow-Luna-Square-Hijab-Segiempat-Cotton-Paris-i.38843078.12436559616
131,Elzatta Scarf Segi Empat Obelia Samida,2,"Beli yang kedua kalinya tapi di bikin kecewa Warna tidak sesuai sangat2 jauh beda warnanya Khaki nya masa kaya dusty pink dan yang coklat kayak army jadinya Udah gitu lecek berbulu, dan ada benang yang ketarik2 Bener2 ngecewain!",https://shopee.co.id/Elzatta-Scarf-Segi-Empat-Obelia-Samida-i.12073181.5478030885?sp_atk=c272afa2-77ae-4efd-8661-7355a169333a&xptdk=c272afa2-77ae-4efd-8661-7355a169333a
132,Tiebymin - Lily Hijab Paris Premium,2,"Kecewa sih, warna aslinya gak sama kayak warna on model yang di foto produknyaüòÇüòÇ Kalo bahan jilbabnya lumayan, panjangnya juga masih baik gak kependekan.",https://shopee.co.id/Tiebymin-Lily-Hijab-Paris-Premium-i.29299683.5093532992?sp_atk=edaff772-f9ec-411f-920e-c230bd57698c&xptdk=edaff772-f9ec-411f-920e-c230bd57698c
133,SEGI EMPAT PARIS PREMIUM PART 1 (50 WARNA) SIZE 110*110 CM | HIJAB TEGAK ANTI LETOY/ HIJAB PARIS PREMIUM SQUARE,2,Pengiriman sangat lamaa.. Malah salah kota.,https://shopee.co.id/SEGI-EMPAT-PARIS-PREMIUM-PART-1-(50-WARNA)-SIZE-110*110-CM-HIJAB-TEGAK-ANTI-LETOY-HIJAB-PARIS-PREMIUM-SQUARE-i.201060877.14478927625?sp_atk=d605e0c3-3010-492c-8991-f8422aa4d733&xptdk=d605e0c3-3010-492c-8991-f8422aa4d733
134,ITSMOSTLY - Qyura Shawl,2,"Warna yang direkomendasikan & di onshop beda jauh, Kecewa sih huhu",https://shopee.co.id/ITSMOSTLY-Qyura-Shawl-i.150009462.2263926712?sp_atk=bf16e055-4cbe-4343-90ac-579b75d99ef2&xptdk=bf16e055-4cbe-4343-90ac-579b75d99ef2
135,VOAL LASER CUT Hijab Segiempat paris Premium / COD / GOSEND / J&T,2,Kotor,https://shopee.co.id/VOAL-LASER-CUT-Hijab-Segiempat-paris-Premium-COD-GOSEND-J-T-i.325778359.3967352030?sp_atk=8949e695-09a7-4fa1-bdbe-742eea919768&xptdk=8949e695-09a7-4fa1-bdbe-742eea919768
136,Jilbab Segiempat BELLA SQUARE /hijab pollycotton kerudung segiempat hijab murah/ Atasan / Hijab,2,"Tipis jelek kirain bakal kek bela square kayak biasa, ini tipis",https://shopee.co.id/Jilbab-Segiempat-BELLA-SQUARE-hijab-pollycotton-kerudung-segiempat-hijab-murah-Atasan-Hijab-i.293835597.4172738284?sp_atk=7ff4069f-856a-42b1-b0a6-1b25fbf23035&xptdk=7ff4069f-856a-42b1-b0a6-1b25fbf23035
137,PARIS PREMIUM hijab tebal ANTI LETOY jahit tepi,2,Ini sih namanya bukan Paris premium ya masa kaku sekali bahannya kalau dipakai ngembang gak bisa slim bagian leher nya. Masih bagusan Paris yang aku beli harga 20rban. Gak worth it harga segitu dengan kualitas nya. Jahitan juga gak rapi ada benang yang keluar. Kapok beli di sini,https://shopee.co.id/PARIS-PREMIUM-hijab-tebal-ANTI-LETOY-jahit-tepi-i.515960613.14049347746?sp_atk=c8e582bb-6655-4e52-b121-2f70dc4ad5ea&xptdk=c8e582bb-6655-4e52-b121-2f70dc4ad5ea
138,HARRAMU Kerudung Segiempat Polos isi 3 Special Bundling Collection - Jilbab Voal Paris Premium Hijab Segi 4 Empat Kerudung,2,Ka maaf ini saya beli 4 tapi warnanya salah saya pesen coksu hitam navy sama abu kenapa dikasihnya hitam 2 jadi ga ada abunya ya..... pembelian pertama saya puas karna bahanya enak mudah diatur tapi yang kedua ini kenapa salah ka üò≠,https://shopee.co.id/HARRAMU-Kerudung-Segiempat-Polos-isi-3-Special-Bundling-Collection-Jilbab-Voal-Paris-Premium-Hijab-Segi-4-Empat-Kerudung-Square-Laser-Cut-Krudung-Terbaru-Scarf-Scarves-Scraf-Scraft-Lasercut-Jelbab-Cantik-Jilbap-Murah-Hijap-Krudung-Terbaru-Kekinian-i.500736705.21547285350?sp_atk=37885931-1ab0-4b00-9cfa-4290eb4cdbb0&xptdk=37885931-1ab0-4b00-9cfa-4290eb4cdbb0
139,NAISHA OFFICIAL - Salwa Malay | Hijab Malay Syar'i | Segiempat Curve,2,"sebenarnya bagus banget, cuma banyak nodanya, kok gitu yah, kecewa banget dah",https://shopee.co.id/NAISHA-OFFICIAL-Salwa-Malay-Hijab-Malay-Syar'i-Segiempat-Curve-i.71568695.19123927385?sp_atk=82ef4caa-d2a7-4fea-9961-43e29d8f361f&xptdk=82ef4caa-d2a7-4fea-9961-43e29d8f361f
140,JINISO Earth Tone Pashmina Hijab Basic AURA,2,Sekelas Jiniso produknya gini? Gak lewat QC dulu kah? Kacau sih. Benang sisaannya parah. Masih lebih bagus hijab lain yang lebih murah. Beli jiniso niatnya mau upgrade dikit. Ternyata kacau..... Gak lagi2 beli jilbab di Jiniso. Gak sesuai sama harga & nama besarnya.,https://shopee.co.id/JINISO-Earth-Tone-Pashmina-Hijab-Basic-AURA-i.121235261.9789565252?sp_atk=07e4f24a-3637-487d-8976-bc38ecafb767&xptdk=07e4f24a-3637-487d-8976-bc38ecafb767
141,Tesavara | Minerva Scarf | Jilbab Segiempat Katun Paris,2,Saya sangat kecewa. Karena bahan sangat kaku dan mudah kusut,https://shopee.co.id/Tesavara-Minerva-Scarf-Jilbab-Segiempat-Katun-Paris-i.74298983.5743797710?sp_atk=98873359-0dea-40a7-a673-d80730d770a8&xptdk=98873359-0dea-40a7-a673-d80730d770a8
142,Femme Outfit - Alicia Shawl Square (Hijab Segi Empat),2,Saya beli hijab bersamaan dengan toko sebelah miz* harga 60rb lebih murah kainnya halus. Beli disini 80rb kainnya kasar agak kaku kayak hijab 30rban,https://shopee.co.id/Femme-Outfit-Alicia-Shawl-Square-(Hijab-Segi-Empat)-i.551604952.13021613811?sp_atk=4aabea3e-4dbc-4585-98a5-9c319128a31c&xptdk=4aabea3e-4dbc-4585-98a5-9c319128a31c
143,Diario - Kerudung Segi Empat Ultrafine Plain Scarf Grey Series,2,"Maaf kecewa, barang sangat beda dari di sogo ternyata, mana yang dateng ijo matcha gini jelas2 difoto tuh krem keabuan. Kayanya kalo diskonan jadi asal kirim ya? Jahitan asal dan bahan tipis, gaada beda nya ama brand murah sebelah 20rban. Emang diskonan beda berapa puluh ribu dari sogo kokas, kualitas jomplang. Kecewa sekali.",https://shopee.co.id/Diario-Kerudung-Segi-Empat-Ultrafine-Plain-Scarf-Grey-Series-i.13447656.5210570085?sp_atk=d75fe175-74e7-4ae9-95c3-89c304835a00&xptdk=d75fe175-74e7-4ae9-95c3-89c304835a00
144,Pinkish Official - Naya Instan (Bergo Hijab Bahan Korean Jersey),2,"Warna nggak sesuai dengan yang di gambar, ini malah electric blue / biru bca, yang di gambar agak lebih gelap. Saran aja min, tolong tampilin real pict yah, biar cust nggak kecewa dan sesuai sm ekspektasi. Sudah 2 kali beli disini,. Yang pertama oke, bagus dan yang ini dah laahh kecewa",https://shopee.co.id/Pinkish-Official-Naya-Instan-(Bergo-Hijab-Bahan-Korean-Jersey)-i.2078726.9639975004?sp_atk=61e5c7c4-7246-436f-87e0-ebd4e585242f&xptdk=61e5c7c4-7246-436f-87e0-ebd4e585242f
145,HIJABQA - Hijab Instant Inner / Pashmina Inner / Segi Empat Inner,2,"Ternyata pendek, kirain panjang seperti di foto, kainnya juga licin sekali dan molor"" gitu",https://shopee.co.id/HIJABQA-Hijab-Instant-Inner-Pashmina-Inner-Segi-Empat-Inner-i.81058140.13479041817?sp_atk=fc10f03b-318b-4b83-ab7e-35a6b59bc050&xptdk=fc10f03b-318b-4b83-ab7e-35a6b59bc050
146,Diario x Nagita Slavina - Ultrafine Plain Scarf Kerudung Segi Empat,2,warna pudar produk jelek sih gak sesuai ekspektasi bahan juga nerawang berbulu nyesel beli dah mahal2,https://shopee.co.id/Diario-x-Nagita-Slavina-Ultrafine-Plain-Scarf-Kerudung-Segi-Empat-i.13447656.3439785620?sp_atk=ba6b0f49-f0eb-4f38-93e7-9fdbfd5a8485&xptdk=ba6b0f49-f0eb-4f38-93e7-9fdbfd5a8485
147,Diario - Kerudung Segi Empat Sahara Plain Scarf,2,jahat kurang satu ‚òπÔ∏è tapi gak bisa di komplain. masa proses sebelum pengiriman kacau lama! dah terlanjur sebel jadi males komplain.,https://shopee.co.id/Diario-Kerudung-Segi-Empat-Sahara-Plain-Scarf-i.13447656.6815143204?sp_atk=1c4e4b5e-571a-46a3-bc94-7cd3312d68d6&xptdk=1c4e4b5e-571a-46a3-bc94-7cd3312d68d6
148,La Vierra Pashmina Oval Malaya Pasmina Melayu Ceruty babydoll import,2,"Bahannya tipis sekali, untuk harga segitu tidak sesuai Ukurannya terbilang pendek",https://shopee.co.id/La-Vierra-Pashmina-Oval-Malaya-Pasmina-Melayu-Ceruty-babydoll-import-i.47976666.9477883674?sp_atk=43738ed8-fb3d-447e-907c-5cfd1a2b38bc&xptdk=43738ed8-fb3d-447e-907c-5cfd1a2b38bc
149,Nadiraa Hijab Pashmina Inner/Pashmina instan,2,"Maaf sebelumnya saya kasih bintang 2. Agak kecewa sih. Ini kan pashmina inner warna pashminanya dark grey, ciputnya kenapa warna merah.... kontras banget warnanya. saya kira sesuai warna pashminanya.",https://shopee.co.id/Nadiraa-Hijab-Pashmina-Inner-Pashmina-instan-i.23016663.17447456411?sp_atk=f9763c82-8739-4bc4-bbdd-5ce4880cf1d0&xptdk=f9763c82-8739-4bc4-bbdd-5ce4880cf1d0
150,Nadiraa Hijab Promo alisya (pashmina diamond) part 1,2,"pengirimannya cepat, tapi bahannya ga cocok. susah dibentuk. nyesel banget beli 2 :(",https://shopee.co.id/Nadiraa-Hijab-Promo-alisya-(pashmina-diamond)-part-1-i.23016663.2312673149?sp_atk=88520f69-bd60-48a0-8036-340047a25587&xptdk=88520f69-bd60-48a0-8036-340047a25587
151,Hijab Segi Empat Polos Laser Cut ( Basic Voal Pollycotton Premium ) - Sekarwatihijab,2,"Ini yg wardah aku agak kecewa juga ini gak square yang perfectly, ukuran juga gak sesuai, sorry banget bahan agak kasar, dan terawang juga. Ukurannya bisa diliat 102*105 cm, sorry seller aku kecewa hehe :) mudah2han kedepannya bisa diperbaiki dan lebih baik lagi. Sukses terus",https://shopee.co.id/Hijab-Segi-Empat-Polos-Laser-Cut-(-Basic-Voal-Pollycotton-Premium-)-Sekarwatihijab-i.225047119.3129338520?sp_atk=9e7a53a7-1854-4879-b22a-4805a8dc65ca&xptdk=9e7a53a7-1854-4879-b22a-4805a8dc65ca
152,Voal Syari Motif Hijabnah (Segiempat Syar‚Äôi Motif Premium) 130x130cm Vol. 2,2,Biasa,https://shopee.co.id/Voal-Syari-Motif-Hijabnah-(Segiempat-Syar%E2%80%99i-Motif-Premium)-130x130cm-Vol.-2-i.201977068.17772728082?sp_atk=8b7babac-9468-4ff9-a7a8-c7ec4af50d04&xptdk=8b7babac-9468-4ff9-a7a8-c7ec4af50d04
153,Maula Hijab - Kerudung Segi Empat Bella Square Jilbab Segiempat Paris Polos Premium,2,"bagus barangnya, tapi respon penjualnya aja yang bikin kesel dichat nggak pernah bales padahal online",https://shopee.co.id/Maula-Hijab-Kerudung-Segi-Empat-Bella-Square-Jilbab-Segiempat-Paris-Polos-Premium-i.22806811.6043220693?sp_atk=b0de5817-cd90-4e3f-882a-2d3b70355b75&xptdk=b0de5817-cd90-4e3f-882a-2d3b70355b75
154,JILBAB SEGIEMPAT NUR CHECK BY AZARA / SEGI EMPAT AZARA CORN SKIN WAFFLE / HIJAB NUR CHECK BY AZARA,2,"Pesan warna baby pink yang dikirim warna peach dan ada nodanya gak tau bisa hilang atau tidak itu seperti noda minyak mesin yang gak bisa hilang lain kali mohon dicek dulu ya kak sebelum dikirim",https://shopee.co.id/JILBAB-SEGIEMPAT-NUR-CHECK-BY-AZARA-SEGI-EMPAT-AZARA-CORN-SKIN-WAFFLE-HIJAB-NUR-CHECK-BY-AZARA-i.637903248.17576395562?sp_atk=a95eab30-1ac9-4e83-b3bd-0aadff4ca47d&xptdk=a95eab30-1ac9-4e83-b3bd-0aadff4ca47d
155,HIJAB BERGO HAMIDAH JERSEY BY KHAS KENAN// DZEVADA,2,"Beli yang kesekian kali tapi kali ini kecewa karna bahannya berbeda, lebih tipis, terawang",https://shopee.co.id/HIJAB-BERGO-HAMIDAH-JERSEY-BY-KHAS-KENAN-DZEVADA-i.112982676.6571360638?sp_atk=151d77ca-8e8e-4eb3-9e8f-693543c2652e&xptdk=151d77ca-8e8e-4eb3-9e8f-693543c2652e
156,DEYAN - [Part 1] jilbab pashmina ceruty babydoll premium,2,"Sangat mengecewakan, bolong dalemnya",https://shopee.co.id/DEYAN-Part-1-jilbab-pashmina-ceruty-babydoll-premium-i.99005283.9826289537?sp_atk=83825f61-5e60-4845-85b2-68f3b556dd60&xptdk=83825f61-5e60-4845-85b2-68f3b556dd60
157,PARIS ULTRAFINE PREMIUM hijab segi empat voal anti letoy tidak menerawang,2,tidak sesuai dengan pesanan,https://shopee.co.id/PARIS-ULTRAFINE-PREMIUM-hijab-segi-empat-voal-anti-letoy-tidak-menerawang-i.421967561.14386503693?sp_atk=ff8dd669-5119-41dd-ad96-8279c8ceb426&xptdk=ff8dd669-5119-41dd-ad96-8279c8ceb426
158,Diario - Kerudung Segi Empat Paris Premium Plain Scarf,2,"Kirain harga sale barangnya sesuai foto. Ternyata logo merknya bukan pake plat gold, tapi pake jahitan biasa jadi kelihatan murah kaya jilbab biasa. Hadeh.. ini mah bukan sale, tapi emang harganya menyesuaikan produk yang di dapat. Padahal baru pertama kali order disini karena reviewnya bagus2, eh ternyata malah ngecewain.",https://shopee.co.id/Diario-Kerudung-Segi-Empat-Paris-Premium-Plain-Scarf-i.13447656.8402621747?sp_atk=27b3ff72-fcd8-4fdd-a166-f71930dedc61&xptdk=27b3ff72-fcd8-4fdd-a166-f71930dedc61
159,Tiebymin - Lily Hijab Edisi Sekolah (Paris Premium),2,"Warnanya kayak putih biru gitu padahal digambar putihnya mirip seragam, beda banget sama warna seragam, jadi gak pede mau make. Bahannya juga ternyata tipis",https://shopee.co.id/Tiebymin-Lily-Hijab-Edisi-Sekolah-(-Paris-Premium)-i.29299683.11023030241?sp_atk=7014ab68-5c62-47e4-bfc5-843630b83e67&xptdk=7014ab68-5c62-47e4-bfc5-843630b83e67
160,Square Hijab Voal Paris Premium,2,"Order hitam yang dikirim navy, warna coksu tidak sesuai",https://shopee.co.id/Square-Hijab-Voal-Paris-Premium-i.78380609.10378782950?sp_atk=adba0de1-7762-42d3-b0ec-51f913254adf&xptdk=adba0de1-7762-42d3-b0ec-51f913254adf
161,Nadiraa Hijab Promo alisya (pashmina diamond) part 1,1,"Sumpah kecewa banget2 ini bahanya beda sama pasmina2 pada umumnya bahanya kaku, susah buat dibentuk kecewa parah",https://shopee.co.id/Nadiraa-Hijab-Promo-alisya-(pashmina-diamond)-part-1-i.23016663.2312673149?sp_atk=88520f69-bd60-48a0-8036-340047a25587&xptdk=88520f69-bd60-48a0-8036-340047a25587
162,Lozy Hijab - Biyya Instan ( Bergo Crinkle ) Beli 3 Lebih Hemat!,1,Warna item bahanya kaya kerudung murahan gada crinckle nya bahannya ga jatoh jelek dah kalo menurut saya,https://shopee.co.id/Lozy-Hijab-Biyya-Instan-(-Bergo-Crinkle-)-Beli-3-Lebih-Hemat!-i.255402508.6695499580?sp_atk=cd6b5cbb-4f1b-4713-8cde-d7ed630fa096&xptdk=cd6b5cbb-4f1b-4713-8cde-d7ed630fa096
163,Pasmina Lace Premium Import Best Seller,1,sayang krudungya bolong. Seharusnya barang sebelum dikirim dicek dulu dong,https://shopee.co.id/Pasmina-Lace-Premium-Import-Best-Seller-i.3616504.3358534570?sp_atk=f3c8f52b-44d4-407c-a1a4-767d3979286b&xptdk=f3c8f52b-44d4-407c-a1a4-767d3979286b
164,HUMAIRA PASHMINA (pashmina Inner) NAMEHIJAB,1,"NYESEL BELI DISINI UDAH NUNGGUNYA LAMA LEBIH DARI PO BARANG ADA YANG KURANG, PADAHAL PO LOH HARUSNYA BISA LEBIH TELITI, KARENA PENGIRIMAN YANG LAMA, BILANGNYA UDAH DI PROSES TERUS TAPI GA DIKIRIM KIRIM BAHAN JUGA GERAH, JAHITAN GA RAPIH. RESPON PENJUAL JUGA GA MEMBANTU, NYESEL BELI.",https://shopee.co.id/HUMAIRA-PASHMINA-(pashmina-Inner)-NAMEHIJAB-i.41982118.13512637995?sp_atk=b235c2ca-1f63-4a0d-9f74-79180e575b65&xptdk=b235c2ca-1f63-4a0d-9f74-79180e575b65
165,Pashmina Dubai Crinkle,1,"Nyesel beli beda banget sama pasmina crinkle, aku beli di toko ini karna Lebih mahal berekspetasi biar lebih bagus eh ternyata lebih buruk",https://shopee.co.id/Pashmina-Dubai-Crinkle-i.251973574.14023554095?sp_atk=9d03935e-dfe5-42ce-9acb-3454341ac991&xptdk=9d03935e-dfe5-42ce-9acb-3454341ac991
166,ZM Zaskia Mecca X Marsha Natika - Klavi Pashmina,1,Ada nodanya gatau bisa ilang atau ga huhu,https://shopee.co.id/ZM-Zaskia-Mecca-X-Marsha-Natika-Klavi-Pashmina-i.12654106.4454286599?sp_atk=010e2918-85ac-4e22-b1e9-cddc08b1203d&xptdk=010e2918-85ac-4e22-b1e9-cddc08b1203d
167,Pashmina Kaos Oman (FREE tuspin) Breathable Anti Bau,1,"bahan bagus iyasih ga bau tapi parah banget masa warnanya begini, kacau deh",https://shopee.co.id/Pashmina-Kaos-Oman-(FREE-tuspin)-Breathable-Anti-Bau-i.21153823.407004755?sp_atk=3408f409-ef06-44cd-b124-5d7d3f3238a5&xptdk=3408f409-ef06-44cd-b124-5d7d3f3238a5
168,ùêôùêàùêòùêÄ - Pashmina Inner 2in1 Premium | Pashmina Instan Ceruty Babydoll,1,"jelek banget di kasih ada noda hitamnya, jahitannya brudul",https://shopee.co.id/%F0%9D%90%99%F0%9D%90%88%F0%9D%90%98%F0%9D%90%80-Pashmina-Inner-2in1-Premium-Pashmina-Instan-Ceruty-Babydoll-i.127564198.11085988643?sp_atk=00300db1-b4b6-4c88-a9f9-479cb3d3c8d3&xptdk=00300db1-b4b6-4c88-a9f9-479cb3d3c8d3
169,DUBAI SHAWL/ PASHMINA DUBAI ALA SHIREEENZ by KOKOMI~,1,"dikirimin yang udah mau bolong gini sama benang ga rapi, nyesel banget sih aturan kalo dikirimin yang baik mau nambah lagi",https://shopee.co.id/DUBAI-SHAWL-PASHMINA-DUBAI-ALA-SHIREEENZ-by-KOKOMI~-i.521275651.11339592141?sp_atk=ac125353-9855-4b30-82fe-1d333a577151&xptdk=ac125353-9855-4b30-82fe-1d333a577151
170,HIJABQA - Plain Square Hijab Segiempat Polos Polycotton //,1,"licin, tipis, gak gampang bentuk, gak sesuai harga.",https://shopee.co.id/HIJABQA-Plain-Square-Hijab-Segiempat-Polos-Polycotton--i.81058140.2682419620?sp_atk=067a8db0-2eb0-467a-9e36-3aafb2e15e9b&xptdk=067a8db0-2eb0-467a-9e36-3aafb2e15e9b
171,Zoya Minar Scarf - Kerudung Hijab Segiempat Polos Bahan Polycotton - Lassercut,1,"Pesen 2 warna, tidak sesuai gambar semua. Padahal udah excited. Mending ditulis pilihan Random. Daripada di stok warna ada, ternyata zonk. üò£ PARAH !!!!",https://shopee.co.id/Zoya-Minar-Scarf-Kerudung-Hijab-Segiempat-Polos-Bahan-Polycotton-Lassercut-i.15996341.19711916521?sp_atk=d5159dde-7ba5-4370-8209-9bef4aace0f4&xptdk=d5159dde-7ba5-4370-8209-9bef4aace0f4
172,Nadiraa Hijab promo pollycotton/ Bella Square part 2,1,"Tolong ini pengirimanya salah, saya pesen warna peach kok yang dateng warna pink, ga sesuai pesanan banget, kalo ga ada ya bilang bukan asal kirim barang kak",https://shopee.co.id/Nadiraa-Hijab-promo-pollycotton-Bella-Square-part-2-i.23016663.5316415214?sp_atk=43c98866-3b5f-466a-92b7-1f105abe1760&xptdk=43c98866-3b5f-466a-92b7-1f105abe1760
173,HIJAB POLYCOTTON PREMIUM / BELLA SQUARE JAHIT TEPI / SEGIEMPAT POLOS / POTTON SQUARE,1,"saya kecewa, Bahan tipis menerawang, mahal pula",https://shopee.co.id/HIJAB-POLYCOTTON-PREMIUM-BELLA-SQUARE-JAHIT-TEPI-SEGIEMPAT-POLOS-POTTON-SQUARE-i.225565181.6555377749?sp_atk=1a4c072e-3dae-4b97-ab9d-b8ac4bc9e4a9&xptdk=1a4c072e-3dae-4b97-ab9d-b8ac4bc9e4a9
174,HIJAB SEGI EMPAT POLOS FATIMAH HIJAB POLLYCOTTON | BELLA SQUARE PREMIUM KERUDUNG POLOS,1,Jelek!!!,https://shopee.co.id/HIJAB-SEGI-EMPAT-POLOS-FATIMAH-HIJAB-POLLYCOTTON-BELLA-SQUARE-PREMIUM-KERUDUNG-POLOS-i.17588787.4934456585?sp_atk=4c8ff0a7-3ce9-425f-b24b-08a580708994&xptdk=4c8ff0a7-3ce9-425f-b24b-08a580708994
175,Kerudung Segi Empat Polos Premium ( Hijab Pollycotton Original ) - Sekarwatihijab,1,pesan hitam diberikan hijau tanpa ada konfirmasi apapun. maaf kualitas barang jelek,https://shopee.co.id/Kerudung-Segi-Empat-Polos-Premium-(-Hijab-Pollycotton-Original-)-Sekarwatihijab-i.225047119.5052192205?sp_atk=1e0363bf-6ac0-49c2-b5fa-406498076d38&xptdk=1e0363bf-6ac0-49c2-b5fa-406498076d38
176,Hijab Segi Empat Polos Laser Cut ( Basic Voal Pollycotton Premium ) - Sekarwatihijab,1,"Bahan sangat tipis, kalau dipakai nerawang. Tidak berfungsi sebagaimana mestinya",https://shopee.co.id/Hijab-Segi-Empat-Polos-Laser-Cut-(-Basic-Voal-Pollycotton-Premium-)-Sekarwatihijab-i.225047119.3129338520?sp_atk=da42ba7d-91b2-4ec7-abef-a6c631f1a524&xptdk=da42ba7d-91b2-4ec7-abef-a6c631f1a524
177,Lozy Hijab - Haraa Voal Plain (Segiempat Voal Premium Polos Non Lasercut),1,Bukan barang po tapi pengiriman lama banget dah mau seminggu baru dikirim. Padahal dah dibilangin saya mau pulkam tolong cepet dikirim tetep aja ga dikirim. Nanyain kapan dikirim di live malah di ketawain sama adminnya. Baru kali ini beli senyesel ini.,https://shopee.co.id/Lozy-Hijab-Haraa-Voal-Plain-(Segiempat-Voal-Premium-Polos-Non-Lasercut)-i.255402508.20552008784?sp_atk=6bd7e703-3c79-41f6-9174-66c4c1586f96&xptdk=6bd7e703-3c79-41f6-9174-66c4c1586f96
178,Plain Paris Import Jahit Tepi,1,"Zonk ah,,, bahan kasar,, truss kusut :( Kemahalan dengan harga sangat mahal",https://shopee.co.id/Plain-Paris-Import-Jahit-Tepi-i.5977189.11360352967?sp_atk=aff174aa-70e4-42d9-af53-ec0e28e6aa6d&xptdk=aff174aa-70e4-42d9-af53-ec0e28e6aa6d
179,MIZA - Hazel Plain Hijab Potton Premium,1,"Harga terlalu mahal untuk bahan yang kayak gini Pernah beli di toko sebelah, harga lebih murah tapi kualitas 1 tingkat lebih oke daripada ini. Ini harganya tinggi, tapi kualitas ga sesuai. Nyesel beli disini. Packingnya aja yang bagus, tapi isi produknya mengecewakan (karena harga ga sebanding dengan kualitas)",https://shopee.co.id/MIZA-Hazel-Plain-Hijab-Potton-Premium-i.101707202.2219945401?sp_atk=6482d34c-6e4b-4b22-8d1c-2b5e2037de19&xptdk=6482d34c-6e4b-4b22-8d1c-2b5e2037de19
180,JINISO Earth Tone Pashmina Hijab Basic AURA,1,"Baru hari pertama puasa udah bikin orang kesel mau marah aja, sekelas mall loh ini tapi kualitas jelek banget, ada nodanya plus bahannya bikin gatel sama kasar banget, padahal beli harga normal bukan diskon barang rijek dikasih, ga ikhlas banget kayaknya yang jual, pertama beli sekaligus terakhir, mau retur susah",https://shopee.co.id/JINISO-Earth-Tone-Pashmina-Hijab-Basic-AURA-i.121235261.9789565252?sp_atk=752011fc-0ac2-4ae4-a84d-8098ef70a920&xptdk=752011fc-0ac2-4ae4-a84d-8098ef70a920
181,Pashmina Credenza Silk Premium / Pleated Shawl / Hijab Pashmina Panjang,1,Jelek beli 3 kok yang dateng cuma 2 ga jelas banget rugi.,https://shopee.co.id/Pashmina-Credenza-Silk-Premium-Pleated-Shawl-Hijab-Pashmina-Panjang-i.132505959.16202407241?sp_atk=00629d12-857e-4f7a-a695-84fbff29f76c&xptdk=00629d12-857e-4f7a-a695-84fbff29f76c
182,Square Bella Pollycotton Premium Part 1,1,"Barang jelek warana kusam, tipis, susah dibentuk Pelayanan toko sangat buruk, pesen pagi sekitar jam setengah 10 jam 2, chat toko kalo minta pembatalan karna ingin ubah alamat chat tidak dibalas sama sekali Hal hasil barang datang jelek dan gak bisa direfund",https://shopee.co.id/Square-Bella-Pollycotton-Premium-Part-1-i.121355221.7032024353?sp_atk=8eaac494-d770-4a4b-b5cd-64e50f9709ba&xptdk=8eaac494-d770-4a4b-b5cd-64e50f9709ba
183,Ansania Hijab - Bella Square Polycotton Seri Warna C,1,Kecewa banget kiranya coklat eh ternyata merah,https://shopee.co.id/Ansania-Hijab-Bella-Square-Polycotton-Seri-Warna-C-i.67299902.13901425367?sp_atk=7531a303-ddfb-4bfa-8212-68e6928d9714&xptdk=7531a303-ddfb-4bfa-8212-68e6928d9714
184,Umama Scarf - Kerudung Polos Segi Empat Basic Voal (Seri Warna),1,"Kurang bagus, warnanya ada seperti noda, dan pesan polos terima yang laser cut.",https://shopee.co.id/Umama-Scarf-Kerudung-Polos-Segi-Empat-Basic-Voal-(Seri-Warna)-i.261856745.3452465885?sp_atk=68737c43-2d03-4977-b861-3aed1976f37f&xptdk=68737c43-2d03-4977-b861-3aed1976f37f
185,Diario - Kerudung Segi Empat Sahara Plain Scarf,1,"Parah, pengiriman dari seller lama sekali, kapok beli lagi",https://shopee.co.id/Diario-Kerudung-Segi-Empat-Sahara-Plain-Scarf-i.13447656.6815143204?sp_atk=342e2046-fc6d-427f-9e4c-f513ca5ab7b0&xptdk=342e2046-fc6d-427f-9e4c-f513ca5ab7b0
186,Umama Scarf - Kerudung Polos Segi Empat Glowing Lc,1,"Pengiriman cepat, tapi produk mengecewakan bolong tidak dicek dulu sebelum dikirim",https://shopee.co.id/Umama-Scarf-Kerudung-Polos-Segi-Empat-Glowing-Lc-i.261856745.13923251219?sp_atk=bd77cc95-cff0-42d0-a14e-f74be69e565d&xptdk=bd77cc95-cff0-42d0-a14e-f74be69e565d
187,Ricis by Khayra - Evelyn Square Segi Empat,1,Kurang bagus,https://shopee.co.id/Ricis-by-Khayra-Evelyn-Square-Segi-Empat-i.76656300.6409764956?sp_atk=1a1430be-3999-4516-b9b0-328660cf9e03&xptdk=1a1430be-3999-4516-b9b0-328660cf9e03
188,Kaniya Official - Pashmina Kaos Jersey / Pashmina Jersey,1,"Saya check out 2 jilbab Jersey warna ash brown tapi yang datang cuma 1 biji doang, padahal di resi tertulis 2 buah dan saya udah bayar 53.000 untuk 2 buah. Kecewa sama seller di chat ga respon. Emang kesalahan saya juga tidak ada video unboxing tapi demi Allah isi cuma 1 jilbab aja. Ya udh ikhlasin aja, semoga rezeki kakak nya lancar. Iya kendala mau hari raya idul Fitri pasti pesanan numpuk tapi tolong ditingkatkan kembali ketelitian dalam pesanan.üôè",https://shopee.co.id/Kaniya-Official-Pashmina-Kaos-Jersey-Pashmina-Jersey-i.319209450.23318807453?sp_atk=c6a24132-277d-44e8-9741-245c4b41feb9&xptdk=c6a24132-277d-44e8-9741-245c4b41feb9
189,HARRAMU Jilbab Segiempat Motif Salvia Hijau Voal Paris Premium Hijab Segi 4 Empat Kerudung Square Laser Cut Krudung Terbaru Scarf,1,Kualitas laser cut nya parah sekali cuci langsung rusak padahal pencucian cuma rendem langsung bilas ga dikucek samsek,https://shopee.co.id/HARRAMU-Jilbab-Segiempat-Motif-Salvia-Hijau-Voal-Paris-Premium-Hijab-Segi-4-Empat-Kerudung-Square-Laser-Cut-Krudung-Terbaru-Scarf-Scarves-Scraf-Printing-Scraft-Lasercut-Jelbab-Cantik-Jilbap-Murah-Hijap-Kudung-Terbaru-Kekinian-Scarves-Kudung-Scarft-Murah-i.500736705.20760614178?sp_atk=021e3ae6-0247-4411-b15b-75a4e0b87d31&xptdk=021e3ae6-0247-4411-b15b-75a4e0b87d31
190,ELZATTA KERUDUNG HIJAB JILBAB SEGI EMPAT SEGIEMPAT POLOS KEISHA SADIA ELZATTA,1,Bahannya tipis tidak sesuai dengan harga jadi kesannya kemahalan tapi produk terkesannya murahan,https://shopee.co.id/ELZATTA-KERUDUNG-HIJAB-JILBAB-SEGI-EMPAT-SEGIEMPAT-POLOS-KEISHA-SADIA-ELZATTA-i.133295292.14058076420?sp_atk=8f794edf-c95f-48f7-81bf-279c71e6b0bc&xptdk=8f794edf-c95f-48f7-81bf-279c71e6b0bc
191,HARRAMU Jilbab Segiempat Motif Kana Voal Paris Premium Hijab Segi 4 Empat Kerudung Square Laser Cut Krudung Terbaru Scarf Scarves,1,"kecewa banget, yang datang sangat tidak sesuai dengan gambar. dari motif dan warnanya aja udah jauh banget",https://shopee.co.id/HARRAMU-Jilbab-Segiempat-Motif-Kana-Voal-Paris-Premium-Hijab-Segi-4-Empat-Kerudung-Square-Laser-Cut-Krudung-Terbaru-Scarf-Scarves-Scraf-Printing-Scraft-Lasercut-Jelbab-Cantik-Jilbap-Murah-Hijap-Kudung-Terbaru-Kekinian-Scarves-Kudung-Scarft-Murah-Kekinian-i.500736705.22232169435
192,hijab voal motif (Segiempat Motif Premium) Vol.1,1,parah banget sih ini pertama kali belanja langsung dapt kesan yang super mengecewakan. Dari awal pesan aja dikemasnya lama banget. Pas udh dkirim eh yang dateng cuma 1pcs. Sy coba chat tapi slow respon sekali. Tau2 dikembaliin duitnya eh tapi gak sesuai harga jilbabnya dong haha kapokk,https://shopee.co.id/hijab-voal-motif-(Segiempat-Motif-Premium)-Vol.1-i.201977068.4208740916?sp_atk=48dd8f93-0ed0-4db0-a867-c32da47d3337&xptdk=48dd8f93-0ed0-4db0-a867-c32da47d3337
193,KHIMAR OVAL SAHALA PAYET SWAROSKY MUTIARA/KERUDUNG 2LYR OVAL STANDAR SHALA PAYET SWAROSKY,1,Sangat buruk barang ga sesuai sama yang dipesan. Ga kepake wajib dibuang ditong sampah!,https://shopee.co.id/KHIMAR-OVAL-SAHALA-PAYET-SWAROSKY-MUTIARA-KERUDUNG-2LYR-OVAL-STANDAR-SHALA-PAYET-SWAROSKY-!!!-i.564629096.17207565016?sp_atk=acdd0bef-c6ee-45e6-a776-f74d683dd566&xptdk=acdd0bef-c6ee-45e6-a776-f74d683dd566
194,hijab segiempat VOAL motif lasercut,1,"Sebelumnya emang ga di cek kalo mau packing, ga di liat dulu sampe ada bolong 2 gini",https://shopee.co.id/hijab-segiempat-VOAL-motif-lasercut-i.161394067.19530680747?sp_atk=20d26714-9075-42c6-b38b-eb9ac59eca61&xptdk=20d26714-9075-42c6-b38b-eb9ac59eca61
195,JILBAB SAUDIA RAWIS ANSANIA SEGI EMPAT POLOS,1,"Maaf ya ini tidak bagus seperti yang di komentar orang2 bahan panas"" agak tebal"" dan jahitan tepinya lepas2"" menyesal saya beli 6 disini harusnya coba dlu 1",https://shopee.co.id/JILBAB-SAUDIA-RAWIS-ANSANIA-SEGI-EMPAT-POLOS-i.32487294.1075231693?sp_atk=8933611b-7ba7-4839-b773-aac69a2d0f5c&xptdk=8933611b-7ba7-4839-b773-aac69a2d0f5c
196,"Nafisa Scarf Allura Segiempat Jumbo | Jilbab Segiempat size M, L, XL | Hijab Segiempat Syar'i",1,Jelek... Jelek.... Jelek...,https://shopee.co.id/Nafisa-Scarf-Allura-Segiempat-Jumbo-Jilbab-Segiempat-size-M-L-XL-Hijab-Segiempat-Syar'i-i.35698879.6331361232?sp_atk=406ceabe-25fa-4bcd-b3e4-40c70e4a8ba4&xptdk=406ceabe-25fa-4bcd-b3e4-40c70e4a8ba4
197,hijab bergo Hamidah Jersey/ jilbab bergo Hamidah Jersey premium/ hijab instan Jersey/hijab instan Jersey terbaru(L),1,Size tidak sesuai deskripsi..,https://shopee.co.id/hijab-bergo-Hamidah-Jersey-jilbab-bergo-Hamidah-Jersey-premium-hijab-instan-Jersey-hijab-instan-Jersey-terbaru(L)-i.141804516.13413808043?sp_atk=d5f6c917-ea99-4caa-bb88-72342101ce70&xptdk=d5f6c917-ea99-4caa-bb88-72342101ce70
198,hijab voal motif lc premium terbaru harga grosir dan partai,1,"Barang yg dikirim tidak sesuai pesanan, tidak ada kesempatan untuk ganti motif malah dikirim random dietalase ada, teryata kosong dan ga info ke pembeli supaya pilih motif lain yang disuka",https://shopee.co.id/hijab-voal-motif-lc-premium-terbaru-harga-grosir-dan-partai-i.416641603.9271870175?sp_atk=c2826a3e-e5cb-4034-9be8-a6ac39debcdd&xptdk=c2826a3e-e5cb-4034-9be8-a6ac39debcdd
199,KERUDUNG SEGIEMPAT MOTIF VOAL DEENAY LASERCUT KW TERMURAH DAN TERLARIS HIJAB MOTIF HIJAB SERAGAM SAFA HIJAB,1,Bahannya jelek banget tidak sesuai sama iklannya,https://shopee.co.id/KERUDUNG-SEGIEMPAT-MOTIF-VOAL-DEENAY-LASERCUT-KW-TERMURAH-DAN-TERLARIS-HIJAB-MOTIF-HIJAB-SERAGAM-SAFA-HIJAB-i.134160972.14650062357?sp_atk=7cb22e31-d2c4-4563-be96-c3fafabc5371&xptdk=7cb22e31-d2c4-4563-be96-c3fafabc5371
200,ZM Zaskia Mecca - Sana Army Hijab Kerudung Segi Empat,1,Barang dipesan tgl 3 Mei dengan pengiriman instan. Tgl 4 ternyata gosend disuruh kirim angin sama penjual. Saya hubungi tiap hari susah sekali akhirnya tgl 11 br dibilang barang akan dikirim dengan grab tetap tidak dikirim2 dan ongkir dibayar penjual. Akhirnya saya yang pesan grab dan bayar sendiri. TIDAK AMANAH,https://shopee.co.id/ZM-Zaskia-Mecca-Sana-Army-Hijab-Kerudung-Segi-Empat-i.12654106.3743634732?sp_atk=d8865806-0767-4d2d-a738-7ec7da59a978&xptdk=d8865806-0767-4d2d-a738-7ec7da59a978